City	State	price	title	url	Postingdate	Numimage	Description	Year	Makemodels	Conditions	Cylinders	Drive	Fuel	Odometer	paintcolor	Size	Titlestatus	Transmission	Vin
Calhoun		5500	00 Toyota 4x4	https://northmiss.craigslist.org/cto/d/00-toyota-4x4/6487177654.html	"
                    2018-02-06  5:35pm
                "	4	"Nice Toyota with 4cy 5peed with 231,000 miles .very clean inside and ought runs and drives great with no problems. No trades    "	2000	 Toyota				 gas				 clean	 manual	
		1800	86 fuel injection 4x4 toyota  pick up	https://northmiss.craigslist.org/cto/d/86-fuel-injection-4x4-toyota/6487166588.html	"
                    2018-02-06  5:25pm
                "	7	"86 Toyota fuel injection extra cab has a new motor that is not in the truck motor alone is worth 1500 text or call for more information to much to list  show contact info
"	1986	 toyota pick up				 gas				 clean	 manual	
pontotoc		2600	1979 ford F-250 ext cab	https://northmiss.craigslist.org/cto/d/1979-ford-250-ext-cab/6487163589.html	"
                    2018-02-06  5:23pm
                "	2	great 460 big block engine. runs excellent. not much rust. could be completely restored or driven as is. call (six six two) 8one6-3241 and ask for Tim Britt.  NO EMAIL! CALL OR TEXT ONLY.    	1979	 ford f-250	 good	 8 cylinders	 rwd	 gas	0			 clean	 automatic	0
Corinth		19500	2009 Chevrolet Corvette	https://northmiss.craigslist.org/cto/d/2009-chevrolet-corvette/6487160979.html	"
                    2018-02-06  5:20pm
                "	5	Excellent condition.  Must sell moving.  Best offer.    	2009	 Chevrolet Corvette	 excellent	 8 cylinders	 rwd	 gas	96000	 black	 compact	 clean	 automatic	0
North Ms		1	Autos for sale	https://northmiss.craigslist.org/cto/d/autos-for-sale/6466230534.html	"
                    2018-01-20  5:08am
                "		"THIS IS FOR THE IDIOTS POSTING LOCATION AS UNITED STATES OR NORTH MS.
SUPPOSED TO BE IN NORTH MS. IF POSTING ON THIS SITE.

Location should be you're town or county at least. It's safe to assume we're in the
United States , if we're looking to buy anything off North Ms. CL. Also, this is
NORTH  MS. CL NOT TENNESSEE , ALABAMA, or ARKANSAS!!!!
You people have a place to post in your area. Read CL rules for posting!!!

Your adds will be flagged. They look like the foreign scammers. 
CL users unite,
Flag Scammers, Spammers and Idiots.    "	2018	 other	 fair	 other	 rwd	 other	96000	 black	 compact	 clean	 other	0
		1700	Classic luxury 2003 Lexus GS300	https://northmiss.craigslist.org/cto/d/classic-luxury-2003-lexus/6487149197.html	"
                    2018-02-06  5:10pm
                "		"Great daily luxury commuter vehicle!!!!!
Drive smooth
No engine knocks
Transmission smooth    "	2003	 Lexus	 excellent	 6 cylinders	 rwd	 gas	96000	 black	 compact	 clean	 automatic	0
		1069	Spotless and Comfy 4-door SV sedan with Four Wheel Drive - Nissan Mura	https://northmiss.craigslist.org/cto/d/spotless-and-comfy-4-door-sv/6487030472.html	"
                    2018-02-06  3:37pm
                "		brand new goodyear tires. cruise contro. all scheduled maintenance.. pristine conditionpnly68k miles. ice cold a/c. fully loaded!!!!Murano line.    	2005	 Nissan Murano	 excellent	 6 cylinders	 rwd	 gas	96000	 black	 compact	 clean	 automatic	0
Columbus		10000	Dodge 2500	https://northmiss.craigslist.org/cto/d/dodge-2500/6480149827.html	"
                    2018-01-31  6:37pm
                "		1997 dodge slt 155654 miles 4wd automatic trans original truck great truck may trade for Tacoma must be 4wd extended cab    	1997	 dodge 2500	 excellent	 6 cylinders	 rwd	 diesel	96000	 black	 compact	 clean	 automatic	0
		14500	2010 GMC 2500HD 4x4	https://northmiss.craigslist.org/cto/d/2010-gmc-2500hd-4x4/6462819011.html	"
                    2018-01-17  9:37am
                "	8	"2010 GMC 2500 HD 4x4. 6.0 gas motor, leather, woodgrain, power everything, Husky floor mats, Ranch Hand Bumpers on front and back. 240,000 miles on truck, 139,000 miles on new motor replaced by Jimmy Gray Chevrolet, 52,000 miles on transmission rebuilt by Spencer Lee's Transmission(80,000 mile warranty), I have all the paper work. Body has dents and scratches. New 35in federal mud tires, shocks, leveling kit and alignment.

$145,000 obo trades welcomed    "	2010	 gmc 2500	 excellent	 6 cylinders	 rwd	 gas	96000	 black	 compact	 clean	 automatic	0
Winona		7000	2008 Infiniti G35s	https://northmiss.craigslist.org/cto/d/2008-infiniti-g35s/6487136305.html	"
                    2018-02-06  5:00pm
                "		"2008 Infiniti G35s
167000 miles
Serviced regularly 
Runs great 
Call for more info  show contact info
"	2008	 infiniti g35	 good	 6 cylinders	 rwd	 gas	167000	 grey	 compact	 lien	 automatic	0
		1500	2oo7 acura tl	https://northmiss.craigslist.org/cto/d/2oo7-acura-tl/6487004166.html	"
                    2018-02-06  3:18pm
                "	4	"2007 acura tl, magna flow exhaust, 13% tint, new heads. 1,500$    "	2007	 acura tl	 good	 6 cylinders	 fwd	 gas	167000	 white	 compact	 clean	 automatic	0
Florence	 Al	4500	1991 Jeep Wrangler.	https://northmiss.craigslist.org/cto/d/1991-jeep-wrangler/6467474955.html	"
                    2018-01-21  9:18am
                "	5	"4cy rebuilt motor,10k miles on motor, new clutch, new brakes, exterior rhino lined, ,interior a little rough, all gauges work, runs and drives good, 4x4 works good,  no ac, and needs heater core replaced,/ hooked up, for asking price i will have heat fixed., text or call  show contact info
, open title as of right now.    "	1991	 jeep wrangler	 fair	 4 cylinders	 4wd	 gas	202000	 red	 mid-size	 clean	 manual	0
		14500	2017 Ford Fusion SE	https://northmiss.craigslist.org/cto/d/2017-ford-fusion-se/6483886647.html	"
                    2018-02-03  8:44pm
                "	11	"Super nice car, has the new Ford Car play. Has a radio screen. Ecoboost great gas saving car. Runs and rides great. Comes with the best warranty Ford can offer. It's 2k warranty. Runs and rides great. 50K miles. NO TRADES Call or text 662-544-sixtwo02. In mint condition. Price is firm    "	2017	 Ford Fusion	 excellent	 4 cylinders	 4wd	 gas	50000	 red	 mid-size	 clean	 automatic	0
Starkville		4000	98 GMC Sierra 4x4	https://northmiss.craigslist.org/cto/d/98-gmc-sierra-4x4/6487111297.html	"
                    2018-02-06  4:39pm
                "	11	"Good condition 98 GMC Sierra 1500 got the 5.7 engine runs great right over 100 thousand since rebuild transmission transfer case and rear end rebuilt less than 50 Thousand miles ago shifts perfect have paper work HOT heat good AC 4WD works as should has 33/13.50 SUPER SWAMPERS on 15"" bullet hole wheels 3/4 tread left brand new battery balljoints replaced not long ago sure I'm forgetting something some miner dints here and there needs a few basic parts donut gasket a barring in the steering column don't haft to sell jus seein what's out there open to trades Call or text  show contact info
"	1998	 Sierra	 good	 8 cylinders	 4wd	 gas	220000	 white	 mid-size	 clean	 automatic	0
Starkville		1000	98' FORD F150 XLT4X4 Emission Ready Extended cab	https://northmiss.craigslist.org/cto/d/98-ford-f150-xlt4x4-emission/6487043780.html	"
                    2018-02-06  3:47pm
                "		"98 FORD F150 XLT4X4 extended cab
V8 4.2 L transs automatic 4x4
148xxx miles 
Cloth seats 
All electric 
New tires
Emission ready
Clean title and hand
1000 obo 

For more information call me or text  show contact info
 Thanks    "	1998	 Ford F-150 XLT	 excellent	 8 cylinders	 4wd	 gas	220000	 white	 full-size	 clean	 automatic	0
Tupelo		850	35x12.50x20 stt pro	https://northmiss.craigslist.org/cto/d/35x1250x20-stt-pro/6487108633.html	"
                    2018-02-06  4:37pm
                "		Tires are like new. Great mud tires just want all terrain. No trades cash only and no bs or scams    	2014	 gmc 1500 sierra	 like new	 8 cylinders	 4wd	 gas	220000	 white	 full-size	 clean	 automatic	0
Columbus		4200	2000 Toyota Tundra	https://northmiss.craigslist.org/cto/d/2000-toyota-tundra/6487099865.html	"
                    2018-02-06  4:30pm
                "	10	"Clean, well kept 2000 Toyota Tundra. AM/FM radio with CD & cassette player.  Bed liner & tonneau cover.    "	2000	 toyota tundra	 good	 8 cylinders	 rwd	 gas	301000	 white	 full-size	 clean	 automatic	0
FULTON	MS	8450	"2002  GMC  NEW  SIERRA  Z-71  EXT  CAB  4 X 4/MILES 133,546"	https://northmiss.craigslist.org/ctd/d/2002-gmc-new-sierra-71-ext/6487099804.html	"
                    2018-02-06  4:30pm
                "	7	"2002  GMC  NEW  SIERRA  EXT  CAB  4 X 4 Z-71  SLE  FULLY LOADED/ALL POWER/CLOTH  INTERIOR/ALLOY  WHEELS/TOW PKG/ ONLY  133,546  MILES.GREAT  LOOKING  TRUCK PRICED TO  SELL $ 8450.00  CASH  OR  POSSIBLE  FINANCING  CALL 662-255-6692    "	2002	 GMC NEWSIERRA	 excellent	 8 cylinders	 4wd	 gas	133546	 green	 full-size	 clean	 automatic	0
FULTON	MS	6950	1998    JEEP  WRANGLER   SE  AUTOMATIC TRANSMISSION	https://northmiss.craigslist.org/ctd/d/1998-jeep-wrangler-se/6487098518.html	"
                    2018-02-06  4:29pm
                "	7	"1998  JEEP  WRANGLER  SE  4  CTL  ENGINE/AUTOMATIC  TRANS/A/C CL0OTH  TOP/GOOD  TIRES /. VERY  CLEAN  INSIDE  AND  OUT.  ONLY 169,202   MILES  RUNS  AND DRIVES  GREAT  PRICED TO  SELL  $  6950.00  CASH  OR  POSSIBLE  FINANCING  CALL 662-255-6692    "	1998	 JEEP WRANGLER SE	 excellent	 4 cylinders	 4wd	 gas	169202	 black	 full-size	 clean	 automatic	0
Shannon Ms		19800	Classic Antique 1983 El Camino	https://northmiss.craigslist.org/cto/d/classic-antique-1983-el-camino/6487090863.html	"
                    2018-02-06  4:23pm
                "	21	"This is an 83 el camino.  Complete take down to bare metal.  Everything is new!  The engine is a 5.7L Corvette Motor that has been Stroked out to a 383.  The engine Has been blue printed and Balanced.  Hypertotonic Pistons with forged rods, oversized valves. Hooker ceramic coated long tube headers.  Could go on for days about the engine .  To make it short  It""s 450hp EFI Bad Boy!  All new interior.
2011 Camero wheels with Pirelli Tires(20"").  4L60E Transmission.  Electronic Cruise Control.  Power windows.   I have over 1000 photos documenting the restoration.  It's a must See!  Show Ready!

Serious calls only    "	1983	 El Camino	 like new	 8 cylinders	 rwd	 gas	1200	 silver	 full-size	 clean	 automatic	0
		1594	Completely Maintained and Guaranteed 2004 Ford F-150	https://northmiss.craigslist.org/cto/d/completely-maintained-and/6486956875.html	"
                    2018-02-06  2:43pm
                "		"It has been an absolutely great car. Never been an accident and no smoking allowed.

Features:
Four-cylinder
AWD (All Wheel Drive) - so you can take it to the snow without chains
AM/FM/Aux/MP3 Stereo with 6 CD player
5 Passenger Seating
YAKIMA Roof Rack
Sliding Power Sun Roof
Power Driving Seat
Power Windows/Locks
LOTS of STORAGE and hidden compartments    "	2004	 Ford F-150 FX4	 like new	 8 cylinders	 rwd	 gas	1200	 silver	 full-size	 clean	 automatic	0
FULTON	MS	3250	2002  HONDA  ACCORD  4  DOOR/LX	https://northmiss.craigslist.org/ctd/d/2002-honda-accord-4-door-lx/6487093303.html	"
                    2018-02-06  4:25pm
                "	6	"2002  HONDA  ACCORD  LX  FULLY  LOADED/ALL POWER/4  CYL/AUTOMATIC  TRANS/CLOTH  INTERIOR/ALLOY  WHEELS/
. PRICED TO  SELL $  3250.00  CASH    CALL 662-255-6692    "	2002	 HONDA  ACCORD	 good	 4 cylinders	 fwd	 gas	238322	 red	 full-size	 clean	 automatic	0
FULTON	MS	10950	2005  CHEVROLET  SILVERADO  1500  Z-71  SUPER  CREW	https://northmiss.craigslist.org/ctd/d/2005-chevrolet-silveradosuper/6487092211.html	"
                    2018-02-06  4:24pm
                "	8	"2005  CHEVROLET  SILVERADO  SUPER  CREW Z-71  4 X 4    LS  /FULLY  LOADED/ALL POWER CLOTH  INTERIOR/ALLOY  WHEELS/BED  LINER.  GREAT  RUNNING  TRUCK  PRICED  TO  SELL $ 10,950.00   CASH  OR  POSSIBLE  FINANCING  CALL 662-255-6692    "	2005	 chevrolet 1500 silverado	 excellent	 8 cylinders	 4wd	 gas	238322	 white	 full-size	 clean	 automatic	0
FULTON	MS	9950	2007  TOYOTA TUNDRA  SR5  CREW  MAX  2WD	https://northmiss.craigslist.org/ctd/d/2007-toyota-tundra-sr5-crew/6487091136.html	"
                    2018-02-06  4:23pm
                "	8	2007  TOYOTA  TUNDRA  SR5  CREW  MAX  2  WD  FULLY  LOADED/ALL POWER/5.7 V/8  ENGINE/AUTOMATIC TRANS/CLOTH  INTERIOR/ALLOY  WHEELS/BED  LINER/GOOD  TIRES/TOW  PKG/ RUNNIG  BOARDS.  THIS  TRUCK  IS  BRAND  NEW  INSIDE  AND  OUT .DONT  MSS IT.  PRICED TO  SELL $  9950.00  CASH  OR  POSSIBLE  FINANCING  .CALL 662-255-6692    	2007	 TOYOTA TUNDRA CREW MAX	 excellent	 8 cylinders	 rwd	 gas	238322	 grey	 full-size	 clean	 automatic	0
FULTON	MS	7950	2003  DODGE  RAM  1500  HEMI    4  X  4	https://northmiss.craigslist.org/ctd/d/2003-dodge-ram-1500-hemi-4-4/6487090240.html	"
                    2018-02-06  4:22pm
                "	3	2003   DODGE  RAM  1500  SWB    HEMI  4  X  4  FULLY  LOADED  /ALL POWER/CLOTH  INTERIOR/ALLOY  WHEELS/V/8  ENGINE/AUTOMATIC TRANS/BED  LINER/TOW PKG.  RUNS  AND DRIVES  GREAT  PRICED TO  SELL $ 7950.00  CASH  OR  POSSIBLE  FINANCING  CALLL 662-255-6692    	2003	 DODGE RAM 1500	 excellent	 8 cylinders	 4wd	 gas	140625	 black	 full-size	 clean	 automatic	0
Oxford	 MS	9800	"2004 Chevrolet Silverado Z71 LT (Single Owner) For Sale / 159,000 Mi."	https://northmiss.craigslist.org/cto/d/2004-chevrolet-silverado-z71/6487075438.html	"
                    2018-02-06  4:11pm
                "	10	"Pros:
-Single and original owner.  Truck has been really well maintained and cared for.
-Very low mileage for a 14 year old vehicle (159,000 miles)
-The truck is in perfect condition mechanically
-Spark plugs changed out around 5,000 miles ago
-Water Pump & Thermostat replaced around 20,000 miles ago
-Front wheel bearings replaced around 20,000 miles ago
-Front brake pads replaced 2,000 miles ago
-Rear brake pads and calipers replaced 0 miles ago (lifetime warranty with Autozone is you reference  show contact info
)
-Seats (cloth) have never been sat directly on.  They have always been covered since new with camo covers to help protect the seats
-Husky floor liners will be sold with truck - value of $300 +/-
-United Welding Toolbox will be sold with truck.  They no longer make the deep box with the rail on top like this one, which was the best one ever made.
-Instrument Cluster / Stepper Motors in Instrument Cluster have all been replaced.  This was a flaw with the 2003-2006 Silverados and Tahoes.  These were fixed 300 miles ago and will now last forever.
-Towing package included with truck
-Spare tire included and has never been removed
-4WD along with low range work perfectly
-(2) original keys and (1) original keyless entry.  I bought a second keyless entry so that the truck would have (2) just like it had from factory.  Second keyless entry is only 1 month old.
-Truck Bed is coated with a Pro-Coat lining and this was done the day after buying the truck.  

Cons:
-I was hit on North Lamar back in 2008 or 2009 that did damage to the passenger doors (front and back).  The repairs were done with Southland Body Shop in Oxford.  Some of the clear coat is now peeling off
-I hit a deer back around 2010 or 2011.  It damaged the front bumper but there was not body damage.  Repairs were made by Butch Davis Chevrolet in Ripley, MS.
-The door handle on the driver's side rear door is broken, but can be opened using the inside door handle.  Can be fixed inexpensively, I just never got around to it, and opening from inside door handle is not an inconvenience.
-Driver's side door will not lock / unlock using actual key/ key hole.  You have to lock/ unlock using keyless entry.
-Windshield has some dings, however, they have all been repaired so they do not spread
-Overall, there are some cosmetic items but the mechanics of the truck are perfect
"	2004	 chevrolet 1500 silverado	 good	 8 cylinders	 4wd	 gas	159000	 green	 full-size	 clean	 automatic	 1GCEK19T84Z164956
FULTON	MS	7950	2011  FORD  ESCAPE  XLT  AWD/FLEX FUEL	https://northmiss.craigslist.org/ctd/d/2011-ford-escape-xlt-awd-flex/6487079566.html	"
                    2018-02-06  4:14pm
                "	7	"2011  FORD  ESCAPE  AWD  FLEX  FUEL  XLT  FULLY LOADED /ALL OWER/CLOTH  INTERIOR/ALLOY  WHEELS/ONLY 138,247  MILES.  RUNS  AND  DRIVES  GREAT  PRICED  TO  SELL $ 7950.00  CASH  OR  POSSIBLE  FINANCING  CALL 662-255-6692    "	2011	 FORD ESCAPE XLT	 excellent	 6 cylinders	 4wd	 gas	138247	 white	 full-size	 clean	 automatic	 1GCEK19T84Z164956
		3400	03 Ascender	https://northmiss.craigslist.org/cto/d/03-ascender/6458800245.html	"
                    2018-01-13  5:27pm
                "	8	"2003 Isuzu Ascender 143k 
Runs and drives great, 3 Row seats 
Fully loaded, power seat windows locks, leather seats, TV-DVD, Cruise control, rear heat & air, towing package, fog lights, up good shape inside and out, no body damage, no rust.  Clean title ready to go. 

No payments, No PayPal, or email, scam, spam 
Call me or text  show contact info

If no answer please leave a voicemail, my phone doesn't ring sometimes.    "	2003	 Isuzu	 excellent	 6 cylinders	 4wd	 gas	138247	 white	 full-size	 clean	 automatic	 1GCEK19T84Z164956
N>>> Mississippi..		3451	") 2014 Toyota Camry Se Special Edition 51k Miles, Red Loaded ))"	https://northmiss.craigslist.org/cto/d/2014-toyota-camry-se-special/6487044218.html	"
                    2018-02-06  3:47pm
                "		") 2014 Toyota Camry Se Special Edition 51k Miles, Red Loaded 




.

!@#$%^&*()_)(*&^%$#@!    "	2014	 toyota camry se	 excellent	 6 cylinders	 4wd	 gas	138247	 white	 full-size	 clean	 manual	 1GCEK19T84Z164956
demopolis		13700	1997 f250 7.3 4x2 96000 miles s-cab long bed	https://northmiss.craigslist.org/cto/d/1997-fxmiles-cab-long-bed/6487055476.html	"
                    2018-02-06  3:56pm
                "		"1997 F250 HD super cab long bed with 7.3 turbo engine - automatic trans
 2 wheel drive
 Call if interested- emails will not be answered
 96000 miles
 2 owner truck
 Fifth wheel hitch
 Firestone TransForce tires 8500 miles
 Cash only 
 Clear title
 Call if interested and have cash- don't waste my time with emails- they wont be answered 
show contact info

 call only    "	1997	 ford f250 diesel power stroke	 excellent	 6 cylinders	 4wd	 diesel	138247	 white	 full-size	 clean	 automatic	 1GCEK19T84Z164956
Greenwood ms		5600	2007 Honda Ridgeline	https://northmiss.craigslist.org/cto/d/2007-honda-ridgeline/6487049761.html	"
                    2018-02-06  3:51pm
                "	5	"212000 miles ,cloth interior,trunk under bed for storage,electric tinted windows,gets around 24 mpg,any more info call or text  show contact info
"	2007	 honda ridgeline	 excellent	 6 cylinders	 4wd	 gas	212000	 white	 full-size	 lien	 automatic	 1GCEK19T84Z164956
southaven ms		3250	2002 ford explorer xlt	https://northmiss.craigslist.org/cto/d/2002-ford-explorer-xlt/6453012713.html	"
                    2018-01-08 11:32pm
                "	4	"Completely loaded for the year,cruise,tilt,gas-brake pedal button,new iac valve,maf sensor,throttle position sensor,plugs,brakes,front wheel hub bearings,a frame assembly both sides,sway bar links front and back,(have new inner and outer tie rod ends but they weren't bad),transmission rebuilt in August 2017,still under warranty til Aug 2018 (new pump and torque converter as well, $1,800 I spent on that,I have paperwork) $3,000 firm    "	2002	 ford explorer	 excellent	 6 cylinders	 rwd	 gas	192000	 grey	 mid-size	 clean	 automatic	 1GCEK19T84Z164956
HOUSTON	 MS	12500	"REDUCED 2016 NISSAN ALTIMA S, 4CY, WARRANTY, BLUE TOOTH, BACK UP CAM,"	https://northmiss.craigslist.org/ctd/d/reduced-2016-nissan-altima/6487047212.html	"
                    2018-02-06  3:49pm
                "	12	"Mileage: 46,768 miles
Exterior: Glacier White
Interior: Charcoal Cloth
Transmission: Automatic
Engine: Engine: 2.5L DOHC 16-Valve 4-Cylinder
VIN: 1N4AL3APXGC251552
Stock #: 28u1552

Griffin Motors
662-456-4281    "	2016	 nissan altima	 excellent	 4 cylinders	 fwd	 gas	46768	 grey	 mid-size	 clean	 automatic	 1GCEK19T84Z164956
		3200	2006 Pontiac Gran Prix	https://northmiss.craigslist.org/cto/d/2006-pontiac-gran-prix/6476891850.html	"
                    2018-01-29  8:58am
                "	4	"2006 Pontiac Gran Prix 142,xxx miles , Good interior , Non-Smoker,One-owner. Has the very dependable 3800 series 2 engine. Car come equipped with Digital diagnostic on system on board. No leaks , No mechanical issues . No steering issues. Brand new tires. Price is negotiable .Call or text 901-270-39zero........
(TERRY)    "	2006	 Pontiac Grand Prix	 good	 6 cylinders	 fwd	 gas	142000	 custom	 full-size	 clean	 automatic	 1GCEK19T84Z164956
Madison	 ms	25000	2015 Toyota 4Runner SR5	https://northmiss.craigslist.org/cto/d/2015-toyota-4runner-sr5/6453131784.html	"
                    2018-01-09  6:41am
                "	9	"2015 Toyota 4Runner SR5
90k miles
Brand new tires 
V6 engine
Back up camera
Tinted windows 
Automatic transmission
Navigation option (needs sd map card)
Touch screen factory radio 
Bluetooth 
Power windows and locks. 
Cloth interior 
Weather tech floor mats throughout 
Flip up/hide away 3rd row seats. 

Great condition. Lady driven 
Just selling to get a tahoe 

Call or text 601-559-one7five8 Read Less    "	2015	 Toyota 4runner	 good	 6 cylinders	 fwd	 gas	142000	 custom	 full-size	 clean	 automatic	 1GCEK19T84Z164956
		1800	1996 dodge Dakota	https://northmiss.craigslist.org/cto/d/1996-dodge-dakota/6487018367.html	"
                    2018-02-06  3:28pm
                "		1996 5.2 engine runs looks good chevy min van motor and trans good and a 1994 dodge truck 5.2 mag. Green    	1996	 dodge dakota	 good	 8 cylinders	 rwd	 gas	142000	 custom	 full-size	 clean	 automatic	 1GCEK19T84Z164956
		2000	2012 Toyota Prius Four Hatchback 4D	https://northmiss.craigslist.org/cto/d/2012-toyota-prius-four/6476294816.html	"
                    2018-01-28  4:13pm
                "		"Front Wheel Drive, AM/FM Stereo, CD Player,
MP3 Sound System, Wheels-Aluminum, Wheels-Wheel Covers,
Remote Keyless Entry, Trip Computer, Tilt Wheel,
Traction Control, Brakes-ABS-4 Wheel, 4 Wheel Disc Brakes,
Steering Wheel Stereo Controls, Intermittent Wipers, Headlights-Auto-Off,
Child Safety Locks, Bucket Seats, Seat-Rear Pass-Through,
Mirrors-Pwr Driver, Mirrors-Vanity-Driver, Mirrors-Vanity-Passenger,
Air Bag - Driver, Air Bag - Passenger, Air Bags - Head,
Air Bag - Side, Air Bag-Side-Head only-Rear, Rear Defrost,
Air Conditioning, Climate Control - Auto, Spoiler,
Reading Lamps-Front, Power Steering, Power Windows,
Power Door Locks, Additional Power Outlet(s),

Telephone-Hands-Free Wireless Connection, Wipers-Variable Speed Intermittent,
Mirrors-Vanity-Driver Illuminated, Mirrors-Vanity-Passenger Illuminated,    "	2012	 toyota - prius	 fair	 8 cylinders	 rwd	 hybrid	142000	 custom	 full-size	 clean	 automatic	 1GCEK19T84Z164956
Hickory Flat		4000	Toyota Camry LE	https://northmiss.craigslist.org/ctd/d/toyota-camry-le/6487008807.html	"
                    2018-02-06  3:21pm
                "		"2004 
Camry LE
163k
Aluminum wheels 
4 cylinder 
$4000
662-333-7013    "	2004	 toyota camry le	 fair	 8 cylinders	 rwd	 gas	142000	 custom	 full-size	 clean	 automatic	 1GCEK19T84Z164956
Tupelo		5450	2006 Nissan Altima SE - 4 Door; Fully Loaded; Extra Clean!	https://northmiss.craigslist.org/cto/d/2006-nissan-altima-se-4-door/6452653923.html	"
                    2018-01-08  4:28pm
                "	17	"2006 Nissan Altima - 4 Door; Fully Loaded; Extra Clean!
138,726 Highway Miles; Lightly Driven; Garage Kept!
Runs and Drives Great!

2.5L 4 Cylinder Gas Saver Engine with Power! - Serviced Regularly; Automatic Transmission!
Excellent on Gas; 33 MPG Highway
Near New Tires; Recent Maintenance/Tune Up; New Spark Plugs
Cloth Interior; Power Seats; Power Windows/Power Locks/Power Mirrors
Premium Sound CD Changer AM/FM; Cruise Control; Climate Control; Heat and COLD Air
No Check Engine Light or Other Warning Indicators
Spacious Cargo Area with Deluxe Organizer
Just Detailed
Priced to Sell
Clean Title

Call (662) 4.0.1-6.9.3.7    "	2006	 nissan altima	 fair	 8 cylinders	 rwd	 gas	142000	 custom	 full-size	 clean	 automatic	 1GCEK19T84Z164956
Tupelo		4450	2007 Chrysler PT Cruiser Touring Edition; Great Condition! Low Miles!	https://northmiss.craigslist.org/cto/d/2007-chrysler-pt-cruiser/6466933243.html	"
                    2018-01-20  4:08pm
                "	15	"2007 Chrysler PT Cruiser Touring Edition; Great Condition! Low Miles!
132,845 Miles; Lightly Driven; Garage Kept!
Runs and Drives Great!

2.4L 4 Cylinder Gas Saver Engine with Power! - Serviced Regularly; Automatic Transmission!
Near New Tires; Recent Maintenance/Tune Up;
Cloth Interior; Power Windows/Power Locks/Power Mirrors!
Premium Sound CD Changer AM/FM; Cruise Control; Climate Control; Heat and COLD Air
No Check Engine Light or Other Warning Indicators
Spacious Cargo Area with Deluxe Organizer and Rear Folding Seats!
Just Detailed
Priced to Sell
Clean Title

Call  show contact info
"	2007	 chrysler pt cruiser	 fair	 8 cylinders	 rwd	 gas	142000	 custom	 full-size	 clean	 automatic	 1GCEK19T84Z164956
HOUSTON	 ms	7500	"REDUCED 2015 FIAT 500, 4CY/AUTO, PW, PL, CD, WARRANTY,"	https://northmiss.craigslist.org/ctd/d/reduced-2015-fiat-500-4cy/6486991991.html	"
                    2018-02-06  3:09pm
                "	7	"Mileage: 45,800 miles
Exterior: Billet Argento (Silver)
Interior: Nero (Black) Cloth
Transmission: Automatic
VIN: 3C3CFFAR7FT678143
Stock #: 71U8143

Griffin Motors
662-456-4281    "	2015	 fiat 500	 fair	 8 cylinders	 rwd	 gas	45800	 custom	 full-size	 clean	 automatic	 1GCEK19T84Z164956
South haven Ms		3000	Nissan Altima 3.5	https://northmiss.craigslist.org/cto/d/nissan-altima-35/6486983730.html	"
                    2018-02-06  3:03pm
                "	8	"Feel free to call me anytime. Just need hub bearing strong motor and transmission. Seeking as is. Heat and a/c,leather seats,sunroof,and also seat warmers. This is a v6 not 4 cylinder.    "	2005	 Nissan Altima 3.5sl	 good	 6 cylinders	 fwd	 gas	173000	 black	 mid-size	 clean	 automatic	 1GCEK19T84Z164956
HOUSTON	 MS	25500	"2017 RAM 1500 QUAD CAB 4X4 SLT, HEMI/AUTO, WHEELS, LIKE NEW, WARRANTY"	https://northmiss.craigslist.org/ctd/d/2017-ram-1500-quad-cab-4x4/6486983433.html	"
                    2018-02-06  3:03pm
                "	14	"Mileage: 19,267 miles
Exterior: Bright White Clearcoat
Interior: Diesel Gray/Black Cloth
Transmission: Automatic
Engine: ENGINE: 5.7L V8 HEMI MDS VVT
VIN: 1C6RR7GT4HS537581
Stock #: 35u7581

Griffin Motors
662-456-4281    "	2017	 dodge ram 1500 slt	 good	 8 cylinders	 4wd	 gas	19267	 black	 mid-size	 clean	 automatic	 1GCEK19T84Z164956
Tupelo		16950	2014 Ford F 150	https://northmiss.craigslist.org/cto/d/2014-ford-150/6486970586.html	"
                    2018-02-06  2:53pm
                "		"2014 Ford F 150
Excellent Condition
"	2014	 Ford F-150	 excellent	 8 cylinders	 4wd	 gas	19267	 white	 full-size	 clean	 automatic	 1GCEK19T84Z164956
HOUSTON	 MS	16900	"2014 JEEP GRAND CHEROKEE LAREDO, 4X4, CLEAN, BLUE TOOTH, WARRANTY"	https://northmiss.craigslist.org/ctd/d/2014-jeep-grand-cherokee/6486965636.html	"
                    2018-02-06  2:50pm
                "	14	"Mileage: 79,555 miles
Exterior: Cashmere Pearlcoat
Interior: Black/Lt Frost Beige Cloth
Transmission: Automatic
Engine: ENGINE: 3.6L V6 24V VVT FLEX FUEL
VIN: 1C4RJFAG1EC510303
Stock #: 38u0303

Griffin Motors
662-456-4281    "	2014	 jeep grand cherokee laredo	 excellent	 8 cylinders	 4wd	 gas	79555	 white	 full-size	 clean	 automatic	 1GCEK19T84Z164956
		16500	2008 BMW 335i Convertible	https://northmiss.craigslist.org/cto/d/2008-bmw-335i-convertible/6463011794.html	"
                    2018-01-17 11:50am
                "	14	"Selling my BMW 335i hard top convertible with only 47,xxx original miles and zero issues. It is a two owner vehicle with a clean carfax and always serviced at BMW dealership. It is fully loaded and has every option available including soft close doors, comfort access, navigation, iDrive, adaptive headlights, HID lamps, paddle shifters, steering wheel controls, black leather, power seats, sport package, and premium package. I have documented paperwork on every single service done on the car since it was brand new. It has extensive paperwork and services done and has had over $6000 spent in maintenance and services in the past year or so. I am 68 years old and rarely drive her much except to Sunday church and warm summer Saturdays. The paint looks like new as does the interior and it is a very fast sports car. It is completely stock and has new tires on all four corners. I have title in hand and will not negotiate over the phone. This is the lowest mile 335i I've seen out there and for the money you can't beat it. The original price of this 335i was over $60,000 new so this is merely a fraction of the price for a practically brand new car.    "	2008	 BMW 335i	 like new	 6 cylinders	 rwd	 gas	47000	 red	 full-size	 clean	 automatic	 1GCEK19T84Z164956
		7000	2003 Toyota Tacoma Ext Cab 4x4	https://northmiss.craigslist.org/cto/d/2003-toyota-tacoma-ext-cab-4x4/6483623791.html	"
                    2018-02-03  3:57pm
                "	9	"Truck is in great shape and runs like it should.  Has the extremely reliable 3.4L v6 with automatic trans.  No issues and has brand new wheel bearings.  Interior is clean and never smoked in.  Completely stock except for the Pioneer touchscreen double din radio.  It has 270k miles mostly highway driving to and from work and long trips.  It has the SR5 package, TRD off road package, towing package, and keyless entry.  Adult driven and cared for, never abused.  Clean clear title in hand.  Yes it is 4wd and works flawlessly.  These 4x4 trucks are getting harder and harder to find so don't ask if I will take less until you come see it in person.  Will need tires eventually.    "	2003	 Toyota Tacoma 4x4	 excellent	 6 cylinders	 4wd	 gas	270	 silver	 full-size	 clean	 automatic	 1GCEK19T84Z164956
		28500	2011 GMC Rocky Rdige Sierra 1500 Lifted 4x4	https://northmiss.craigslist.org/cto/d/2011-gmc-rocky-rdige-sierra/6468141103.html	"
                    2018-01-21  7:43pm
                "	3	"Special Rocky Ridge edition GMC Sierra 1500 
6"" rough country lift with 22"" wheels and 35"" tires
-Tinted windows -Leather power seats -Strong 4x4
-Power sunroof -130,000 miles -No Problems at all
-Asking $28,500
-Also interested in trades, wyg?
- show contact info
"	2011	 GMC Sierra 1500	 like new	 8 cylinders	 4wd	 gas	130000	 black	 full-size	 clean	 automatic	 1GCEK19T84Z164956
		4800	02 Toyota highlander	https://northmiss.craigslist.org/cto/d/02-toyota-highlander/6468766027.html	"
                    2018-01-22 11:44am
                "	9	"02 Toyota Highlander 4cly electric windows locks tilt cruise am-fm-cd new Michelin tires clean 155k miles $4800.  show contact info
"	2002	 02 Toyota highlander	 excellent	 4 cylinders	 fwd	 gas	155000	 silver	 mid-size	 clean	 automatic	 1GCEK19T84Z164956
		700	2001 Nissan MaximaGLE4-doorSportCar	https://northmiss.craigslist.org/cto/d/2001-nissan-maximagle4/6458366048.html	"
                    2018-01-13 11:50am
                "		"I don't have any dogs or pets in the car, and she certainly I didn't smok cigarettes. The luxury options and appointments accent the Dark Ebony leather very nicely, and it is very inviting. It is clean and fresh....sensational condition. show contact info
"	2001	 nisan sentra	 excellent	 4 cylinders	 fwd	 gas	155000	 silver	 mid-size	 clean	 automatic	 1GCEK19T84Z164956
HOUSTON	 MS	16900	"2016 DODGE GRAND CARAVAN SXT, PWR DOORS/HATCH, SUPER CONSOLE, WARRANTY"	https://northmiss.craigslist.org/ctd/d/2016-dodge-grand-caravan-sxt/6486936969.html	"
                    2018-02-06  2:29pm
                "	10	"Mileage: 32,337 miles
Exterior: Granite Crystal Metallic Clearcoat
Interior: Sandstorm/Black Cloth
Transmission: Automatic
Engine: ENGINE: 3.6L V6 24V VVT FLEXFUEL
VIN: 2C4RDGCG1GR178741
Stock #: 31u8741

Griffin Motors
662-456-4281

"	2016	 dodge grand caravan	 excellent	 4 cylinders	 fwd	 gas	32337	 silver	 mid-size	 clean	 automatic	 1GCEK19T84Z164956
Ripley	 MS	5000	2003 Ford F250 XLT Crew Cab 4x4 V10 270K miles	https://northmiss.craigslist.org/cto/d/2003-ford-f250-xlt-crew-cab/6480229111.html	"
                    2018-01-31  8:05pm
                "	5	"2003 Ford F-250 XLT Crew Cab 4x4 V-10 270K miles - $5000

Good condition. Runs/Drives good. AC/Heat work well. Overall Good Condition. Has one place that seems to be prevalent on these trucks where the previous owner jack-knifed a trailer. Other than that, the body is straight with your usual dings/pecks. Has the preferred BF Goodrich T/A KO's with plenty of tread left. Tool box, nerf bars, and rails all go with the truck. Also have a new bug shield I have yet to install that goes to whoever buys it. NO TRADES, SHIPPING, DEALERS, OR HELP SELLING.

 - Upper and lower ball joints replaced last spring. All new coil packs about 20K miles ago, and all new spark plugs about 5K miles ago. Been running full synthetic every oil change since I've owned the truck.

 $5000    "	2003	 Ford F-250	 excellent	 10 cylinders	 4wd	 gas	270000	 blue	 mid-size	 clean	 automatic	 1GCEK19T84Z164956
Oxford Ms		2500	Lincoln Town Car	https://northmiss.craigslist.org/cto/d/lincoln-town-car/6486869468.html	"
                    2018-02-06  1:43pm
                "	8	"Good interior,  title on site, runs good.Asking $2500 but will take $2200 firm. No Trades. Serious inquiries only please.  No holds.    "	1999	 lincoln town car signature	 good	 8 cylinders	 rwd	 gas	270000	 white	 full-size	 clean	 automatic	 1LNHM82W1XY698701
Tupelo		13200	2014 Honda Accord EX-L	https://northmiss.craigslist.org/cto/d/2014-honda-accord-ex/6486909365.html	"
                    2018-02-06  2:10pm
                "	6	2014 Honda Accord EX-L. Clean Car. New tires. Highway miles. Located in Tupelo.    	2014	 honda accord ex	 good	 4 cylinders	 rwd	 gas	87946	 white	 mid-size	 clean	 automatic	 1LNHM82W1XY698701
GALLATIN TN		24500	LIFTED 2012 CHEVY 2500 SILVERADO Z71 LTZ 4X4 DURAMAX DIESEL	https://northmiss.craigslist.org/ctd/d/lifted-2012-chevy-2500/6486911591.html	"
                    2018-02-06  2:12pm
                "	16	"2012 CHEVROLET SILVERADO  2500 HD CREW CAB LTZ Z71 4X4
196K MILES 
6.6 DURAMAX DIESEL DPF DELETED AND EFI LIVE TUNED (NO DEF FLUID)
6 SPEED ALLISON AUTOMATIC TRANSMISSION 
6 INCH LIFT WITH 18X10 XD WHEELS AND 35X12.50X18 MT TIRES
ALL POWER OPTIONS
HEATED LEATHER SEATS
 REAR VIEW BACKUP CAMERA
BOSE STEREO  AND MUCH MORE!!
TRUCK RUNS AND DRIVES OUT GREAT!! REAL HEAD TURNER!!
CLEAN 1 OWNER LOUISIANA CARFAX ! RUST FREE TRUCK
ASKING $24,500

CALL OR TEXT TERRY 6156338446
www.hammersmotorplex.com
TRUCK IS LOCATED 25 MILES NORTHEAST OF NASHVILLE IN GALLATIN TN

CHEVY GMC CHEVROLET 1500 2500 3500 F250 F350 SIERRA SILVERADO LT LTZ DENALI DURAMAX DIESEL LIFTED LARAMIE LARIAT POWERSTROKE CUMMINS CUMMINGS DELETED TUNED
"	2012	 chevy silverado 2500hd	 good	 8 cylinders	 4wd	 diesel	196000	 white	 mid-size	 clean	 automatic	 1LNHM82W1XY698701
Corinth		2650	06 Pontiac G6	https://northmiss.craigslist.org/cto/d/06-pontiac-g6/6482242211.html	"
                    2018-02-02  1:53pm
                "	3	"2006 Pontiac G6.  4 Cylinder AUTOMATIC. Runs and drives great.  Car is ready to go anywhere.  $2650 cash or make offer. 
CALL HEATHER  show contact info
"	2006	 pontiac g6	 good	 8 cylinders	 4wd	 gas	196000	 white	 mid-size	 clean	 automatic	 1LNHM82W1XY698701
Tupelo		5450	2006 Nissan Altima - 4 Door; Fully Loaded; Extra Clean!	https://northmiss.craigslist.org/cto/d/2006-nissan-altima-4-door/6459520252.html	"
                    2018-01-14  1:15pm
                "	19	"2006 Nissan Altima - 4 Door; Fully Loaded; Extra Clean!
138,726 Highway Miles; Lightly Driven; Garage Kept!
Runs and Drives Great!

2.5L 4 Cylinder Gas Saver Engine with Power! - Serviced Regularly; Automatic Transmission!
Excellent on Gas; 33 MPG Highway
Near New Tires; Recent Maintenance/Tune Up; New Spark Plugs
Cloth Interior; Power Seats; Power Windows/Power Locks/Power Mirrors
Premium Sound CD Changer AM/FM; Cruise Control; Climate Control; Heat and COLD Air
No Check Engine Light or Other Warning Indicators
Spacious Cargo Area with Deluxe Organizer
Just Detailed
Priced to Sell
Clean Title

Call  show contact info
"	2006	 nissan altima	 good	 8 cylinders	 4wd	 gas	196000	 white	 mid-size	 clean	 automatic	 1LNHM82W1XY698701
HOLLY SPRINGS		1500	2009 Toyota camry	https://northmiss.craigslist.org/cto/d/2009-toyota-camry/6471819525.html	"
                    2018-01-24  6:46pm
                "		"2009 Toyota Camry se
4 cylinder 2.4 l. Engine
Runs & drives good
Clean inside & outside 
73,000 ROAD MILES

GRAY  LEATHER, SUNROOF, WEATHERPROOF FLOOR MATS, NEW TOYO TIRES WITH ONLY 5,000 MILES ON THEM  
VERY CLEAN AND TAKEN CARE OF.  NO PROBLEMS, READY TO GO    "	2009	 toyota camry	 excellent	 8 cylinders	 fwd	 gas	73000	 black	 mid-size	 clean	 automatic	 1LNHM82W1XY698701
Tupelo ms		900	Cavailer z24	https://northmiss.craigslist.org/cto/d/cavailer-z24/6486878524.html	"
                    2018-02-06  1:49pm
                "	6	Fair and still run and drive need new exhausted    	1987	 chevy cavalier	 fair	 6 cylinders	 fwd	 gas	73000	 red	 compact	 missing	 automatic	 1LNHM82W1XY698701
Hickory Flat		8900	Chevrolet Equinox	https://northmiss.craigslist.org/ctd/d/chevrolet-equinox/6486861531.html	"
                    2018-02-06  1:38pm
                "		"2010 Equinox 
119,718 miles
Aluminum wheels 
$8900
662-333-7013    "	2010	 chevrolet equinox	 fair	 6 cylinders	 fwd	 gas	73000	 red	 compact	 clean	 automatic	 1LNHM82W1XY698701
Ford_ F150_ truck_			2003 *Ford F-150* truck XLT -	https://northmiss.craigslist.org/ctd/d/2003-ford-150-truck-xlt/6486859609.html	"
                    2018-02-06  1:37pm
                "	18	"2003 *Ford F-150* XLT  

Available at: Moore Brothers Autos LLC ☎ Phone: (662) 373-2170 ext: 0003 ☎

 Year: *2003*
Make: *Ford*
Model: *F-150*
Series *XLT*
Exterior Color: 
Interior Color: Medium Parchment
Odometer: 111111
Stock #: 
VIN: 2FTRX17203CA08290

**Ford F-150**, 2003 FORD F-150 XLT, 4DR SUPERCAB XLT RWD STYLESIDE SB, 4.2L, 6 CYLINDER, SEQUENTIAL-PORT F.I., AUTOMATIC RWD, DARK HIGHLAND GREEN METALLIC, POWER STEERING, POWER BRAKES, POWER DOOR LOCKS, POWER WINDOWS, POWER SUNROOF, 111,111 miles, Stock #: 19724, VIN: 2FTRX17203CA08290,, 2003 Ford F-150 XLT, **F-150 XLT**
Equipment / Features on this *Ford F-150* 


 

 For more information on this 2003 *Ford F-150* XLT:  


☎ Phone:   (662) 373-2170 ext: 0003
WEB:         http://classifieds.usedcar.zone/r?P=9348396&U=1


This *Ford F-150* is offered by:
Moore Brothers Autos LLC
477 Highway 6 W
Oxford, MS 38655
Phone: ☎ (662) 373-2170 ext: 0003 

DISCLAIMER: While every reasonable effort is made to ensure the accuracy of the information for this 2003 Ford F-150 XLT, we are not responsible for any errors or omissions contained on these pages. Please verify any information in question with Moore Brothers Autos LLC at (662) 373-2170.
2003 Ford F-150 XLT || 9348396 || 2005 2006 2007 2008 2009 2010 2011 2012 2013 2014 2015 2016 || Ford || F-150 || XLT || Ford F-150 || Used Cars || Oxford || Used Lot || Bad Credit || No Credit || Ford F-150 XLT || F-150 || F-150 XLT  F150 Hard to Find   +1 (662) 373-2170    "	2003	 Ford F-150	 excellent	 6 cylinders	 rwd	 gas	111111	 red	 compact	 clean	 automatic	 2FTRX17203CA08290
Tupelo		26000	2017 Honda Accord EXL V6	https://northmiss.craigslist.org/cto/d/2017-honda-accord-exl-v6/6486842063.html	"
                    2018-02-06  1:25pm
                "	15	"2017 Honda Accord EX-L V6 for sale.  This car is loaded out with too many options to list.  Bought from local dealer and has had all scheduled maintenance performed.  Adult driven, non-smoker, no pets, no kids, no gravel roads This car is in excellent condition inside and out.  Still under factory warranty.  Only 30,000 miles.  Asking $26,000.  Call or text for more info.    "	2017	 Honda Accord	 like new	 6 cylinders	 fwd	 gas	30361	 white	 full-size	 clean	 automatic	 2FTRX17203CA08290
Hickory Flat		4500	2012 Ford Focus	https://northmiss.craigslist.org/ctd/d/2012-ford-focus/6486829131.html	"
                    2018-02-06  1:16pm
                "		"2012
Focus
Sedan
185,055
$4500
662-333-7013    "	2012	 ford focus	 like new	 6 cylinders	 fwd	 gas	30361	 white	 full-size	 clean	 automatic	 2FTRX17203CA08290
Starkville		27500	2014 Toyota Tundra CrewMax 4x4	https://northmiss.craigslist.org/cto/d/2014-toyota-tundra-crewmax-4x4/6469926434.html	"
                    2018-01-23 10:38am
                "	6	"Excellent condition.  Had new tires and leveling kit put on less than a year ago.  Viper security system with keyless start, aftermarket touchscreen radio with backup camera, new break pads, serviced with synthetic oil every 5000 miles.  Extremely clean and well cared for.  91,xxx miles, primarily on the highway going to and from work.  Text for more information 6six2-twonine5-50seven6    "	2014	 Toyota Tundra 4x4 CrewMax	 excellent	 6 cylinders	 4wd	 gas	91900	 black	 full-size	 clean	 automatic	 2FTRX17203CA08290
COLUMBUS		6500	1976 CORVETTE STINGRAY	https://northmiss.craigslist.org/cto/d/1976-corvette-stingray/6456367683.html	"
                    2018-01-11  4:43pm
                "	13	"1976 STINGRAY WITH NEW HI PERFORMANCE MOTOR WITH LESS THAT 1,000 MILES.  292 CAM SHAFT, DUAL LINE HOLLEY CARBURETOR, EDELBROCK VICTOR JR. HI RISE INTAKE .  AUTOMATIC TRANSMISSION, POWER STEERING, POWER BRAKES, TILT STEERING , POWER WINDOWS.  CAR IS IN GREAT CONDITION.  IF THE ADD IS STILL LISTED , THE CAR IS STILL FOR SALE.    "	1976	 chevrolet corvette	 excellent	 8 cylinders	 rwd	 gas	91900	 black	 compact	 clean	 automatic	 2FTRX17203CA08290
Tupelo		3500	2008 Infiniti G35	https://northmiss.craigslist.org/cto/d/2008-infiniti-g35/6486819314.html	"
                    2018-02-06  1:10pm
                "	5	"2008 Infiniti G35, Well maintained and in good condition.  Wife's car that has always been serviced on schedule.  Fully loaded with options, back up camera, Bose stereo is awesome, nav, sunroof, tint, good tires.  This is a good car not a rattle trap junker.  Must see and drive to understand the condition.  Don't be scared of the high mileage, this car has never had a major issue at all, it's been very well cared for.

Asking $3500.00 OBO, title in hand.  Not interested in trades. Had posted sold but deal fell through....

"	2008	 infiniti g35 sedan	 good	 6 cylinders	 rwd	 gas	294000	 white	 compact	 clean	 automatic	 2FTRX17203CA08290
MEMPHIS		3650	03 CAMRY !RUNS LIKE NEW!	https://northmiss.craigslist.org/cto/d/03-camry-runs-like-new/6468410165.html	"
                    2018-01-22  6:59am
                "	6	"NO MECHANICAL ISSUES! 200K MILES. NO DENTS. NO LEAKS. EVERYTHING WORKS ON THE CAR. NO CHECK ENGINE LIGHT ON. I DRIVE MY CAR EVERYDAY. YOU CAN DRIVE IT ANYWHERE WITH NO PROBLEMS AT ALL. CLEAR TITLE IN HAND. NO TEXT MESSAGES OR EMAILS. NO TRADES. CALL show contact info
"	2003	 toyota camry	 good	 6 cylinders	 rwd	 gas	294000	 white	 compact	 clean	 automatic	 2FTRX17203CA08290
Calhoun		2300	87 Nissan 4x4	https://northmiss.craigslist.org/cto/d/87-nissan-4x4/6470276374.html	"
                    2018-01-23  2:25pm
                "	4	"V6 auto with rebuilt trans. New mud tires, Pw , truck runs and drives great .call only  show contact info
 or 628-8268    "	1987	 Nissan	 good	 6 cylinders	 rwd	 gas	294000	 white	 compact	 clean	 automatic	 2FTRX17203CA08290
		5500	Take off in this Mustang!!!!	https://northmiss.craigslist.org/cto/d/take-off-in-this-mustang/6473087769.html	"
                    2018-01-25  8:03pm
                "		This 08' Ford Mustang is extra clean with only 158k on the dash extra fast motor everything works no lights no mechanical issues super clean must see!!!!! No trades no checks clean title let's make a deal....    	2008	 ford mustang	 good	 6 cylinders	 rwd	 gas	294000	 white	 compact	 clean	 automatic	 2FTRX17203CA08290
Selmer		12000	2006 Chevrolet Silverado Crew Cab	https://northmiss.craigslist.org/cto/d/2006-chevrolet-silverado-crew/6480269225.html	"
                    2018-01-31  8:58pm
                "	9	"2006 Silverado Lt Crew Cab 2wd. Original 5.3 motor with 150,000 miles. Leather seats. Has a Kenwood Bluetooth touch screen radio. New alpine speakers. LED Interior lights. Linex Bedliner. 3"" Rough Country Lift kit. 20"" Chrome wheels. Tinted windows. Viper Remote Start. New Headlights and Bumper lights with LEDs. LED Reverse Lights. Has straight piped duel exhaust. Heat and Ac work great. New Battery put on last week. Text anytime. Please call after 4:30 Pm.    "	2006	 chevrolet 1500 silverado	 good	 8 cylinders	 rwd	 gas	149974	 black	 full-size	 clean	 automatic	 2FTRX17203CA08290
Calhoun		1500	93 z71	https://northmiss.craigslist.org/cto/d/93-z71/6483844003.html	"
                    2018-02-03  7:44pm
                "	2	350 auto truck runs great engine has been rebuilt . Ac works and 4wd works but transmission needs rebuilt.    	1993	 Chevy	 good	 8 cylinders	 rwd	 gas	149974	 black	 full-size	 clean	 automatic	 2FTRX17203CA08290
Fulton		19750	2007 Silverado LTZ Z71	https://northmiss.craigslist.org/cto/d/2007-silverado-ltz-z71/6486799036.html	"
                    2018-02-06 12:56pm
                "	9	"I have a 2007 Chevy Silverado LTZ Z71 for sale. It has a sun roof, tool box, heated leather seats, factory 20"" chevy wheels, new toyo tires, 130,900 miles, and is in amazing condition. No issues at all. Oil has been changed every 3,000 mile. The new tires were installed this past September and my daily route to work and back is less than 2 miles so they are still like new. Everything works as it should. Asking $19,750, but will negotiate. It's worth every penny.  show contact info
 prefer texts.    "	2007	 Chevrolet Silverado	 like new	 8 cylinders	 4wd	 gas	130900	 black	 full-size	 lien	 automatic	 2FTRX17203CA08290
Coldwater		1000	97 toyota tercel	https://northmiss.craigslist.org/cto/d/97-toyota-tercel/6480065503.html	"
                    2018-01-31  5:16pm
                "	6	"97 toyota tercel 2 door coupe. 236,000 miles. 1.5l 4 cylinder 5 speed Manual transmission. No ac. Good heat. New radiator. New battery. Decent tires. Title in hand, is rebuild title. Has several cosmetic issues, its 21 years old, don't know if stripes will come off I didn't put them on. Runs great drive it 35 miles daily. Text or call, if no answer leave message. Located in Coldwater MS, if you dont know where that is google it. $1000 cash firm don't waste my time.  show contact info
"	1997	 Toyota tercel	 fair	 4 cylinders	 fwd	 gas	236000	 black	 sub-compact	 rebuilt	 manual	 2FTRX17203CA08290
Greenwood ms.		5000	2007 pontiac G6	https://northmiss.craigslist.org/cto/d/2007-pontiac-g6/6480194780.html	"
                    2018-01-31  7:26pm
                "	10	"For sale 2007 pontiac G6 90,546 miles ,4-CyL 2.4L ,automatic, pw , pl, cd player , $5000 greenwood ms. Six62 299 5012 call or text    "	2007	 pontiac g6	 fair	 4 cylinders	 fwd	 gas	236000	 black	 sub-compact	 clean	 automatic	 1G2ZF58B674251525
Tupelo		4800	2006 Lincoln Zephyr   64274 Low  Miles $4800.	https://northmiss.craigslist.org/cto/d/2006-lincoln-zephyrlow-miles/6486774582.html	"
                    2018-02-06 12:40pm
                "	24	"Low Miles 64274miles Engine is Duratec 3.0L V-6 DOHC, 6 Speed automatic. 4-Wheel Disc Brakes, 6 Speakers, AM-fm Radio,
Auto-dimming Rear-View mirror, Auto Temperature control, Heated Door mirrors, Heated AN  cool Front Seats, Leather Steering Wheel, Power Steering, Power Windows,  Rear Window Defroster, Remote Keyless Entry, Security System,, Speed Control, The Steering Wheel has Speed Control, Heater Control, & Temp. Control, Radio Control also.
CD Player, Great Set of Tires. This Car has a MS REBUILT TITLE you cane see a Picture Of the TITLE in with the car Pictures.
This is a Great Car for the Money, nothing to do except drive. ""NON- SMOKERS CAR"" This CAR uses REG. GAS.

      THIS  IS A CASH SALE ONLY . YOU HAND ME THE MONEY I HAND YOU THE TITLE.
       EMAILS AND PHONE CALL ONLY  ( NO TEXTING)    "	2006	 lincoln zephyr	 good	 6 cylinders	 fwd	 gas	64274	 red	 full-size	 rebuilt	 automatic	 3LNHM26146R628196
Winona Ms		800	88 GMC truck	https://northmiss.craigslist.org/cto/d/88-gmc-truck/6486772352.html	"
                    2018-02-06 12:39pm
                "	5	"88 GMC ugly but runs perfect 305 tbi engine .New tire on the left front,new battery,plugs,wires and cap.Body has some rust,and the transmission has issues.It runs and drives right now but transmission is on its way out.142,000 miles clean title.Call or text  show contact info
.    "	1988	 Gmc	 fair	 8 cylinders	 fwd	 gas	142000	 red	 full-size	 clean	 automatic	 3LNHM26146R628196
Tupelo	 MS	4500	White Malibu for sale!	https://northmiss.craigslist.org/cto/d/white-malibu-for-sale/6486763218.html	"
                    2018-02-06 12:33pm
                "	2	"White malibu, 2008. Great for a work car! Has about 230,000 miles. Chrome wheel and new tires! Great condition! Will negotiate on price!    "	2009	 chevrolet malibu 1lt	 good	 4 cylinders	 fwd	 gas	230000	 white	 full-size	 clean	 automatic	 3LNHM26146R628196
Hurley		17500	Toyota Tacoma	https://northmiss.craigslist.org/cto/d/toyota-tacoma/6486753770.html	"
                    2018-02-06 12:27pm
                "	3	"2009, 6"" fab tech suspension lift, brand new 33"" nitto tires, Dick Cepek rims, back up camera, bull bar, light bar, running boards, LED white under glow, sportsman waterproof camo seat covers, weather tech mats, automatic, maintenance every 3000 Miles, 4WD, 198,000 highway miles, K&N air intake, 6 cyl, TRD SPORT package. Truck drives like new.    "	2009	 Toyota Tacoma	 good	 4 cylinders	 fwd	 gas	230000	 white	 full-size	 clean	 automatic	 3LNHM26146R628196
Carrollton		23000	2015 Chevrolet Silverado 1500 LT	https://northmiss.craigslist.org/cto/d/2015-chevrolet-silverado-1500/6486753477.html	"
                    2018-02-06 12:27pm
                "	5	"2015 Chevrolet Silverado LT Crew Cab 2WD  5.3 LITER White in color, Black interior.  fully loaded   asking 23000 obo need to sell. Make Offer.   it had 86000 miles maybe more it is driven every day..  There is a small dent in front fender right next to headlight, on passenger side.    "	2015	 Chevrolet 1500 silverado	 excellent	 8 cylinders	 rwd	 gas	86000	 white	 full-size	 lien	 automatic	 3LNHM26146R628196
		1000	Food Truck	https://northmiss.craigslist.org/cto/d/food-truck/6486725735.html	"
                    2018-02-06 12:09pm
                "	3	"Chip truck. It was used as a snow cone truck. Just need to sale it.
1981 GMC P2V 6 cylinder
Manual transmission in floor.
Driver seat only.
No oil leaks, no AC, extra window added in back, no leaks, windshield has small crack but doesn't bother vision, transmission shifts smoothly, tires are fair. 
Clean title.    "	1981	 GMC	 excellent	 8 cylinders	 rwd	 gas	86000	 white	 full-size	 clean	 manual	 3LNHM26146R628196
Olive Branch		4900	2004 Infiniti Q45 Premium Plus (RARE)	https://northmiss.craigslist.org/cto/d/2004-infiniti-q45-premium/6451895221.html	"
                    2018-01-08  7:24am
                "	22	"Up for sale is my very rare 2004 Infiniti Q 45 Premium Plus Package 84k miles, Dealer serviced. 
Cooled and Heated front seats and heated reclining rear with rear audio console, very rare options with premium wheels with 245 45 18 Michelin run flat  tires.

Auto opening trunk, easy close doors, full size matching spare, home link, back up camera navigation upgrade, Sunroof, glass.

Privacy screens, Rear audio and seat controls, cooled seats, heated seats, supple leather, courtesy lamps, memory seats, more.


I see many sellers listings stating, ""Premium"". ""Premium"" has the cooled reclining with rear audio ... the others are standard or base models, not the Premium. This truely is ""Premium Plus"". This is the only ""Premium Plus"" and the lowest miles in the whole country. Many may share condition, a few, the low documented miles, but this is a true Premium Plus, which is rare, rare, rare, and was $7 k more when offered by the Infiniti. very comfortable, unique and nice car. The asking price is $4900. As you can gather from the photos, I own 2 of these cars. Therefore, I know a great deal about them. If you have any questions or concerns please call or text  show contact info
. 

I personally drive this car 442 miles to and from Shreveport, LA twice a month if not more!!!

Thanks for your interest and GOD Bless!!!    "	2004	 Infiniti Q45	 excellent	 8 cylinders	 rwd	 gas	84284	 silver	 full-size	 clean	 automatic	 3LNHM26146R628196
Call (662) 200-5006		36500	2015 Ford F150 F-150 King Ranch Turbo V6 4WD CARFAX One Owner Leather	https://northmiss.craigslist.org/ctd/d/2015-ford-fking-ranch-turbo/6486702409.html	"
                    2018-02-06 11:53am
                "	6	"2015 Ford F-150 King Ranch
For Vehicle Availability Contact Us Now!!
Butch Davis Chevrolet  ""DRIVE A LITTLE-SAVE A LOT!""
Call Us AT: (662) 200-5006 
Stock Number: P1098 
 
Year:*2015*
Make: *Ford*
Model: *F-150*
Trim: *King Ranch*
VIN: 1FTEW1EG3FFA67519
Stock: P1098
Mileage: 73221 miles
Engine: EcoBoost 3.5L V6 GTDi DOHC 24V Twin Turbocharged
Transmission: 6-Speed Automatic Electronic
Driveline: 
Exterior: Ruby Red Metallic Tinted Clearcoat
Body: 4D SuperCrew Truck


We are conveniently located at:
2015 City Ave NRipley, MS 38663
Call Us (662) 200-5006
Stock Number: P1098 
 2015 Ford F-150 King Ranch Crew Cab 4WD FX4 with Navigation for sale - Only 73K miles 1 Owner Clean Carfax Service records 4 wheel drive Navigation Back Up Camera Panoramic sunroof Leather seats Heated - Cooled - Memory - Power seats Heated steering wheel XM radio Bluetooth connectivity Bed liner Power running boards Tow package 20 inch chrome wheels and much more. This luxury truck is sharp! It has Ruby Red Metallic paint with Mesa King Ranch leather interior. This Ford has been checked out by our service department and has passed inspection. No need to worry about future repairs for a few extra dollars per month you can get bumper to bumper protection all the way up to 120000 miles!Awards:* 2015 IIHS Top Safety Pick * Green Car Journal Green Car Technology Award * NACTOY North American Truck of the Year * 2015 KBB.com Brand Image AwardsButch Davis Chevrolet will help you save money while having the easiest car buying experience of your life! Many of the vehicles we stock are priced at thousand of dollars below what most other dealers charge. Our low no haggle internet prices are clearly marked on each and every vehicle. No pressure tactics here because our sales staff works on salary. At Butch Davis Chevrolet you will never waste time or get stressed out negotiating price or dealing with pushy commissioned sales people!FINANCING FOR FAIR GOOD AND EXCELLENT CREDIT - We have lenders that offer low interest rates. Most of our vehicles can be financed with 0 down for up to 75 months. The combination of low rates and flexible terms allows our customers with a good credit rating to get a low monthly payment often much less than they expect.FINANCING FOR POOR CREDIT - We have lenders that can help you. Bring your most recent paystub and your ID. A down payment of 2000 dollars or more is recommended.Trade ins are welcome.Open 9-7 during the week and 9-6 on Friday and Saturday. Closed Sundays. THANK YOU!
 Similar Years: 2013 13 2014 14 2015 15 2016 16 2017 17 
Similar Trims: King Ranch 4dr SuperCrew 4WD 5.5 ft. SB 5.0L 8cyl 6A 6.5 Lariat SuperCab 2.7L 6cyl Turbo 8 LB Platinum XL 2dr Regular Cab 3.5L XLT 6A
Other: F 150 250 350 450 F-150 F-250 F-350 F-450 F150 F250 F350 F450 1/2ton 3/4ton 1ton half one ton Single Extended Crew Short Long Bed AWD 4x4 FX4 RWD Pickup Truck Super Duty Cabela L 6.0L Turbodiesel Turbocharged V6 4Matic Quattro 4Motion xDrive CARFAX One Owner 1 Heated Leather Seats Navigation System Sunroof Moonroof Bluetooth Back-Up Backup Camera Tow Package _2015_ _Ford_ _F150_ _F-150_ _King_ _Ranch_ _Turbo_ _V6_ _4WD_ _CARFAX_ _One_ _Owner_ _Leather_ _Seats_ _Crew_ _Cab_ _Navigation_ _Sunroof_ _Bluetooth_ _Backup_ _Camera_ _Tow_ _Package_ _15_ *2015* *Ford* *F150* *F-150* *King* *Ranch* *Turbo* *V6* *4WD* *CARFAX* *One* *Owner* *Leather* *Seats* *Crew* *Cab* *Navigation* *Sunroof* *Bluetooth* *Backup* *Camera* *Tow* *Package* *15* Comparables; Chevrolet Chevy Silverado 1500 Dodge RAM Nissan Titan GMC Sierra Toyota Tundra
"	2015	 Ford F150 F-150 King Ranch Turbo	 excellent	 8 cylinders	 rwd	 gas	73221	 silver	 full-size	 clean	 automatic	 1FTEW1EG3FFA67519
Call (662) 200-5006		18250	2016 Chevy Chevrolet Equinox LT 2 4L CARFAX One Owner Fuel Efficient	https://northmiss.craigslist.org/ctd/d/2016-chevy-chevrolet-equinox/6486689471.html	"
                    2018-02-06 11:45am
                "	16	"2016 Chevrolet Equinox LT
For Vehicle Availability Contact Us Now!!
Butch Davis Chevrolet  ""DRIVE A LITTLE-SAVE A LOT!""
Call Us AT: (662) 200-5006 
Stock Number: P1162 
 
Year:*2016*
Make: *Chevrolet*
Model: *Equinox*
Trim: *LT*
VIN: 2GNALCEK3G6225514
Stock: P1162
Mileage: 11200 miles
Engine: 2.4L 4-Cylinder SIDI DOHC VVT
Transmission: 6-Speed Automatic with Overdrive
Driveline: 
Exterior: Black
Body: 4D Sport Utility SUV


We are conveniently located at:
2015 City Ave NRipley, MS 38663
Call Us (662) 200-5006
Stock Number: P1162 
 2016 Chevrolet Equinox LT with Back Up Camera for sale - Only 11K miles 1 Owner Clean Carfax Bumper to bumper warranty Automatic transmission Back Up Camera Power assisted rear gate Power drivers seat XM radio OnStar Bluetooth connectivity Power windows Power locks Cruise Luggage rack 17 inch alloy wheels and much more. This great looking SUV is Black paint with Jet Black interior. Equipped with a powerful yet fuel friendly 2. 4L engine that gets an impressive 32 MPG on the highway.This Chevrolet has been checked out by our service department and has passed inspection. No need to worry this Equinox has remaining factory bumper to bumper warranty until 36000 miles! Also for a few extra dollars per month you can extend the bumper to bumper protection all the way up to 120000 miles!Awards:* JD Power Initial Quality Study * 2016 IIHS Top Safety Pick Butch Davis Chevrolet will help you save money while having the easiest car buying experience of your life! Many of the vehicles we stock are priced at thousand of dollars below what most other dealers charge. Our low no haggle internet prices are clearly marked on each and every vehicle. No pressure tactics here because our sales staff works on salary. At Butch Davis Chevrolet you will never waste time or get stressed out negotiating price or dealing with pushy commissioned sales people!FINANCING FOR FAIR GOOD AND EXCELLENT CREDIT - We have lenders that offer low interest rates. Most of our vehicles can be financed with 0 down for up to 75 months. The combination of low rates and flexible terms allows our customers with a good credit rating to get a low monthly payment often much less than they expect.FINANCING FOR POOR CREDIT - We have lenders that can help you. Bring your most recent paystub and your ID. A down payment of 2000 dollars or more is recommended.Trade ins are welcome.Open 9-7 during the week and 9-6 on Friday and Saturday. Closed Sundays. THANK YOU!
 Similar Years: 2014 14 2015 15 2016 16 2017 17 2018 18 
Similar Trims: 
Comparables: Honda CRV CR-V Toyota RAV4 Nissan Rogue Ford Escape Jeep Liberty
Other: 2.4 Liters Liter 2.4L CARFAX One Owner 1 Fuel Efficient Gas Saver Sport Utility SUV LS LT LTZ 1LT 2LT 2 3.4L V6 FWD AWD 4WD 4x4 Sports Vehicle Bluetooth Back-Up Backup Camera Aluminum Alloy Wheels _2016_ _Chevy_ _Chevrolet_ _Equinox_ _LT_ _2.4L_ _CARFAX_ _One_ _Owner_ _Fuel_ _Efficient_ _SUV_ _Bluetooth_ _Backup_ _Camera_ _Aluminum_ _Wheels_ _Sport_ _Utility_ _16_ *2016* *Chevy* *Chevrolet* *Equinox* *LT* *2.4L* *CARFAX* *One* *Owner* *Fuel* *Efficient* *SUV* *Bluetooth* *Backup* *Camera* *Aluminum* *Wheels* *Sport* *Utility* *16*
"	2016	 Chevy Chevrolet Equinox LT 2.4L	 excellent	 8 cylinders	 rwd	 gas	11200	 silver	 full-size	 clean	 automatic	 2GNALCEK3G6225514
Call (662) 200-5006		22750	2012 GMC Yukon Denali V8 6 2L AWD CARFAX One Owner Third Row Seats	https://northmiss.craigslist.org/ctd/d/2012-gmc-yukon-denali-v8-6-2l/6486674661.html	"
                    2018-02-06 11:35am
                "	20	"2012 GMC Yukon Denali
For Vehicle Availability Contact Us Now!!
Butch Davis Chevrolet  ""DRIVE A LITTLE-SAVE A LOT!""
Call Us AT: (662) 200-5006 
Stock Number: P1154 
 
Year:*2012*
Make: *GMC*
Model: *Yukon*
Trim: *Denali*
VIN: 1GKS2EEFXCR213510
Stock: P1154
Mileage: 115317 miles
Engine: Vortec 6.2L V8 SFI VVT Flex Fuel
Transmission: 6-Speed Automatic Electronic with Overdrive
Driveline: 
Exterior: White Diamond Tricoat
Body: 4D Sport Utility SUV


We are conveniently located at:
2015 City Ave NRipley, MS 38663
Call Us (662) 200-5006
Stock Number: P1154 
 2012 GMC Yukon Denali AWD with Navigation for sale - Only 115K miles 1 Owner Clean Carfax V8 engine All wheel drive Navigation Back Up Camera Leather Sunroof Rear DVD entertainment Middle row captains chairs Third row seat Power assisted rear gate Heated - Cooled - Memory - Power seats XM radio OnStar Bose speakers Bluetooth connectivity Remote starter Luggage rack Running boards Tow package 20 inch chrome wheels and more. This luxury SUV offers a sharp looking color combination of White Diamond Tricoat paint with Light Tan leather interior. Equipped with seating so that up to 7 passengers can ride in comfort.This GMC has been checked out by our service department and has passed inspection. No need to worry about future repairs for a few extra dollars per month you can get extended warranty protection!Butch Davis Chevrolet will help you save money while having the easiest car buying experience of your life! Many of the vehicles we stock are priced at thousand of dollars below what most other dealers charge. Our low no haggle internet prices are clearly marked on each and every vehicle. No pressure tactics here because our sales staff works on salary. At Butch Davis Chevrolet you will never waste time or get stressed out negotiating price or dealing with pushy commissioned sales people!FINANCING FOR FAIR GOOD AND EXCELLENT CREDIT - We have lenders that offer low interest rates. Most of our vehicles can be financed with 0 down for up to 75 months. The combination of low rates and flexible terms allows our customers with a good credit rating to get a low monthly payment often much less than they expect.FINANCING FOR POOR CREDIT - We have lenders that can help you. Bring your most recent paystub and your ID. A down payment of 2000 dollars or more is recommended.Trade ins are welcome.Open 9-7 during the week and 9-6 on Friday and Saturday. Closed Sundays. THANK YOU!
 Similar Years: 2010 10 2011 11 2012 12 2013 13 2014 14 
Similar Trims: Denali Hybrid SLE SLT XL 1500 2500 2500
Other: V8 6.2L 4WD AWD 4x4 FX4 4Matic Quattro 4Motion xDrive CARFAX One Owner 1 3rd Third Row Seats Heated Leather SL 2 3500 Denaly 5.3L 6.0L 8.1L L 1/2ton 3/4ton 1ton one half ton SUV Sport Utility Vehicle Navigation System Sunroof Moonroof Bluetooth Back-Up Backup Camera Tow Package _2012_ _GMC_ _Yukon_ _Denali_ _V8_ _6.2L_ _AWD_ _CARFAX_ _One_ _Owner_ _Third_ _Row_ _Seats_ _Leather_ _Navigation_ _Sunroof_ _Bluetooth_ _Backup_ _Camera_ _Tow_ _Package_ _Sport_ _Utility_ _12_ *2012* *GMC* *Yukon* *Denali* *V8* *6.2L* *AWD* *CARFAX* *One* *Owner* *Third* *Row* *Seats* *Leather* *Navigation* *Sunroof* *Bluetooth* *Backup* *Camera* *Tow* *Package* *Sport* *Utility* *12*
"	2012	 GMC Yukon Denali V8 6.2L AWD CAR	 excellent	 8 cylinders	 rwd	 gas	115317	 silver	 full-size	 clean	 automatic	 1GKS2EEFXCR213510
		20000	2010 Ford F-150 XLT 4x4 SuperCrew	https://northmiss.craigslist.org/ctd/d/2010-ford-150-xlt-4x4/6486671545.html	"
                    2018-02-06 11:33am
                "	24	"2010 Ford F-150 XLT 4x4 SuperCrew -- $20,000 â˜Ž Call: (256) 907-7256  ðŸ“± Text  (256) 907-7256 Vehicle Information: 2010 Ford F-150 XLT 4x4 SuperCrewPrice:  $20,000    Year:  2010*      Make:  *Ford**      Model:  *F-150**      Series:  *XLT 4x4 SuperCrew**      Body Style:  Truck*    Stock Number:  AY15104    VIN:  1FTEW1E87AFC04236    Mileage:  100,000    Engine:  4.6L V8 SOHC 24V    Transmission:  Automatic    Exterior Color:  Silver*    Interior Color:  Gray*We offer financing! Paste the link below to apply today!http://aswt.co/tg1f   For more details, pictures and information on this ***Ford**** ***F-150**** ***XLT 4x4 SuperCrew****, Paste the link below into your browser:  http://aswt.co/tilv   Vehicle Options For This *Ford** *F-150**:   âœ… Truck*                âœ… 4x4                âœ… AM/FM                âœ… Adjustable Pedals                âœ… Air Conditioning                âœ… Alarm System                âœ… Alloy Wheels                âœ… Anti-Lock Brakes                âœ… Automatic Headlights                âœ… Bedliner                âœ… CD                âœ… Cruise Control                âœ… Driver Airbag                âœ… Driver Multi-Adjustable Power Seat                âœ… Electrochromic Interior Rearview Mirror                âœ… Fog Lights                âœ… Front Side Airbag                âœ… Front Split Bench Seat                âœ… Interval Wipers                âœ… Key Pad Entry                âœ… Keyless Entry                âœ… Lift Kit                âœ… Locking Pickup Truck Tailgate                âœ… Passenger Airbag                âœ… Pickup Truck Cargo Box Light                âœ… Power Brakes                âœ… Power Locks                âœ… Power Mirrors                âœ… Power Steering                âœ… Power Windows                âœ… Running Boards                âœ… Second Row Folding Seat                âœ… Side Head Curtain Airbag                âœ… Sliding Rear Pickup Truck Window                âœ… Steering Wheel Mounted Controls                âœ… Tachometer                âœ… Telematics System                âœ… Tilt Wheel                âœ… Tinted Windows                âœ… Tire Pressure Monitor                    â˜Ž Call (256) 907-7256   or ðŸ“± Text  (256) 907-7256  to find out more about this ***Ford**** ***F-150****.  -or-            Paste the link below into your browser to get more detailed information about this ____Ford*____F-150*____XLT 4x4 SuperCrew*:  http://aswt.co/tilv    Call  or Text  us today and mention that you heard about this vehicle on Craigslist! "	2010	 Ford F-150	 excellent	 8 cylinders	 4wd	 gas	100625	 silver	 full-size	 clean	 automatic	 1FTEW1E87AFC04236
Call (662) 200-5006		5000	2010 Ford Escape XLT V6 3 0L CARFAX SUV Aluminum Wheels Tow Package	https://northmiss.craigslist.org/ctd/d/2010-ford-escape-xlt-v6-3-0l/6486661282.html	"
                    2018-02-06 11:27am
                "	9	"2010 Ford Escape XLT
For Vehicle Availability Contact Us Now!!
Butch Davis Chevrolet  ""DRIVE A LITTLE-SAVE A LOT!""
Call Us AT: (662) 200-5006 
Stock Number: P1059A 
 
Year:*2010*
Make: *Ford*
Model: *Escape*
Trim: *XLT*
VIN: 1FMCU0DG6AKA30274
Stock: P1059A
Mileage: 166129 miles
Engine: Duratec 3.0L V6 Flex Fuel
Transmission: 6-Speed Automatic
Driveline: 
Exterior: Ingot Silver Metallic
Body: 4D Sport Utility SUV


We are conveniently located at:
2015 City Ave NRipley, MS 38663
Call Us (662) 200-5006
Stock Number: P1059A 
 2010 Ford Escape XLT for sale - Local trade in 166K miles Clean Carfax 3. 0L V6 engine Automatic transmission Power drivers seat XM radio Power windows Power locks Cruise Luggage rack Tow package 16 inch alloy wheels and much more. This SUV offers a sharp looking color combination of Ingot Silver Metallic paint with Charcoal Black interior.This Ford has been checked out by our service department and has passed inspection. No need to worry about future repairs for a few extra dollars per month you can get extended warranty protection!Butch Davis Chevrolet will help you save money while having the easiest car buying experience of your life! Many of the vehicles we stock are priced at thousand of dollars below what most other dealers charge. Our low no haggle internet prices are clearly marked on each and every vehicle. No pressure tactics here because our sales staff works on salary. At Butch Davis Chevrolet you will never waste time or get stressed out negotiating price or dealing with pushy commissioned sales people!FINANCING FOR FAIR GOOD AND EXCELLENT CREDIT - We have lenders that offer low interest rates. Most of our vehicles can be financed with 0 down for up to 75 months. The combination of low rates and flexible terms allows our customers with a good credit rating to get a low monthly payment often much less than they expect.FINANCING FOR POOR CREDIT - We have lenders that can help you. Bring your most recent paystub and your ID. A down payment of 2000 dollars or more is recommended.Trade ins are welcome.Open 9-7 during the week and 9-6 on Friday and Saturday. Closed Sundays. THANK YOU!
 Similar Years: 2008 08 2009 09 2010 10 2011 11 2012 12 
Similar Trims: Hybrid Limited XLS XLT
Other: V6 3.0L Liters CARFAX Sport Utility SUV S SE SEL XLT 1.6L 2.5L 2.3L L AWD 4WD 4x4 Titanium Turbo Vehicle Fuel Efficient Aluminum Alloy Wheels Tow Package _2010_ _Ford_ _Escape_ _XLT_ _V6_ _3.0L_ _CARFAX_ _SUV_ _Aluminum_ _Wheels_ _Tow_ _Package_ _Sport_ _Utility_ _10_ *2010* *Ford* *Escape* *XLT* *V6* *3.0L* *CARFAX* *SUV* *Aluminum* *Wheels* *Tow* *Package* *Sport* *Utility* *10*
"	2010	 Ford Escape XLT V6 3.0L CARFAX S	 excellent	 8 cylinders	 4wd	 gas	166129	 silver	 full-size	 clean	 automatic	 1FMCU0DG6AKA30274
Grenada		1000	Chevy Silverado 1500 4wd Crew Cab V8 Like New	https://northmiss.craigslist.org/cto/d/chevy-silveradowd-crew-cab-v8/6480255591.html	"
                    2018-01-31  8:39pm
                "		"excellent condition inside and out, all power options, chrome wheels and bed rails, tonneau cover. 5.7L V8 engine auto trans., runs and drives like new, no lights or mechanical issues, brakes and tires have well over 75% percent life remaining. Garage kept.    "	1998	 chevrolet 1500	 excellent	 8 cylinders	 4wd	 gas	166129	 black	 full-size	 clean	 automatic	 1FMCU0DG6AKA30274
Memphis		3000	2004 Hyundai  Elantra excellent condition	https://northmiss.craigslist.org/cto/d/2004-hyundai-elantra/6486647761.html	"
                    2018-02-06 11:18am
                "	5	"04 Hyundai Elantra for sale. It's have 104 mile. It runs good. Ac & heat work excellent .gas saver. . If you are interested call @ show contact info
"	2004	 hyundai elantra	 excellent	 8 cylinders	 4wd	 gas	166129	 black	 full-size	 clean	 automatic	 1FMCU0DG6AKA30274
Greenwood MS		5800	"2011 CHEVY  MALIBU 99,000 miles"	https://northmiss.craigslist.org/cto/d/2011-chevy-malibumiles/6486646322.html	"
                    2018-02-06 11:17am
                "	15	"2011 Chevrolet Malibu 4-Cil,2.4L,99,000 miles all power,keyless entry,cruise control CD with auxiliary outlet good a/c and heat,clean runs and drives great $5,800obo call or text anytime  show contact info
"	2011	 chevrolet malibu ls 4dr sedan	 good	 4 cylinders	 fwd	 gas	99000	 grey	 full-size	 clean	 automatic	 1FMCU0DG6AKA30274
Memphis		3000	2004 Hyundai Elantra Excellent condition!!	https://northmiss.craigslist.org/cto/d/2004-hyundai-elantra/6486645396.html	"
                    2018-02-06 11:17am
                "	5	"04 Hyundai Elantra for sale. It's have 104 mile. It runs good. Ac & heat work excellent .gas saver. . If you are interested call @ show contact info
"	2004	 hyundai elantra	 good	 4 cylinders	 fwd	 gas	99000	 grey	 full-size	 clean	 automatic	 1FMCU0DG6AKA30274
Call (662) 200-5006		10750	2016 Nissan Sentra SV 1 8L CARFAX One Owner Fuel Efficient Bluetooth	https://northmiss.craigslist.org/ctd/d/2016-nissan-sentra-sv-1-8l/6486647779.html	"
                    2018-02-06 11:18am
                "	4	"2016 Nissan Sentra SV
For Vehicle Availability Contact Us Now!!
Butch Davis Chevrolet  ""DRIVE A LITTLE-SAVE A LOT!""
Call Us AT: (662) 200-5006 
Stock Number: P0975 
 
Year:*2016*
Make: *Nissan*
Model: *Sentra*
Trim: *SV*
VIN: 3N1AB7AP8GY229578
Stock: P0975
Mileage: 47141 miles
Engine: 1.8L 4-Cylinder DOHC 16V
Transmission: CVT with Xtronic
Driveline: 
Exterior: Gun Metallic
Body: 4D Sedan Sedan


We are conveniently located at:
2015 City Ave NRipley, MS 38663
Call Us (662) 200-5006
Stock Number: P0975 
 2016 Nissan Sentra SV with Back Up Camera for sale - Only 47K miles 1 Owner Clean Carfax Powertrain warranty Automatic CVT transmission Back Up Camera XM radio Bluetooth connectivity Power windows Power locks Cruise and much more Safety features include ABS brakes Electronic Stability Control and Traction control. This vehicle offers a sharp looking color combination of Gun Metallic paint with Marble Gray interior. Equipped with a powerful yet fuel friendly 1. 8L engine that gets an impressive 37 MPG on the highway which means you will save a lot of money at the pump.This Nissan has been checked out by our service department and has passed inspection. No need to worry this Sentra has remaining factory powertrain warranty until 60000 miles! Also for a few extra dollars per month you can extend the bumper to bumper protection all the way up to 120000 miles!Named a 2016 IIHS Top Safety Pick!Butch Davis Chevrolet will help you save money while having the easiest car buying experience of your life! Many of the vehicles we stock are priced at thousand of dollars below what most other dealers charge. Our low no haggle internet prices are clearly marked on each and every vehicle. No pressure tactics here because our sales staff works on salary. At Butch Davis Chevrolet you will never waste time or get stressed out negotiating price or dealing with pushy commissioned sales people!FINANCING FOR FAIR GOOD AND EXCELLENT CREDIT - We have lenders that offer low interest rates. Most of our vehicles can be financed with 0 down for up to 75 months. The combination of low rates and flexible terms allows our customers with a good credit rating to get a low monthly payment often much less than they expect.FINANCING FOR POOR CREDIT - We have lenders that can help you. Bring your most recent paystub and your ID. A down payment of 2000 dollars or more is recommended.Trade ins are welcome.Open 9-7 during the week and 9-6 on Friday and Saturday. Closed Sundays. THANK YOU!
 Similar Years: 2014 14 2015 15 2016 16 2017 17 2018 18 
Similar Trims: 
Other: 1.8 Liters Liter 1.8Liter 1.8L CARFAX One Owner 1 Fuel Efficient Gas Saver S SR SV SL SE-R R V 1.6L 2.0L 2.5L Spec Sedan Bluetooth Back-Up Backup Camera _2016_ _Nissan_ _Sentra_ _SV_ _1.8L_ _CARFAX_ _One_ _Owner_ _Fuel_ _Efficient_ _Bluetooth_ _Backup_ _Camera_ _16_ *2016* *Nissan* *Sentra* *SV* *1.8L* *CARFAX* *One* *Owner* *Fuel* *Efficient* *Bluetooth* *Backup* *Camera* *16*
"	2016	 Nissan Sentra SV 1.8L CARFAX One	 good	 4 cylinders	 fwd	 gas	47141	 grey	 full-size	 clean	 automatic	 3N1AB7AP8GY229578
Hickory Flat		14900	2014 Honda Accord	https://northmiss.craigslist.org/ctd/d/2014-honda-accord/6486644833.html	"
                    2018-02-06 11:17am
                "		"2014 Accord 
39k miles
Aluminum wheels 
662-333-7013    "	2014	 honda accord	 good	 4 cylinders	 fwd	 gas	47141	 grey	 full-size	 clean	 automatic	 3N1AB7AP8GY229578
Corinth		17800	Chevy Silverado	https://northmiss.craigslist.org/cto/d/chevy-silverado/6486635145.html	"
                    2018-02-06 11:10am
                "		Great truck.  Has no mechanical problems.  145k miles.    	2011	 2011 Chevy Silverado	 excellent	 8 cylinders	 fwd	 gas	145000	 grey	 full-size	 lien	 automatic	 3N1AB7AP8GY229578
Call (662) 200-5006		33500	2016 Jeep Wrangler Unlimited Sahara V6 3 6L 4WD CARFAX SUV Navigation	https://northmiss.craigslist.org/ctd/d/2016-jeep-wrangler-unlimited/6486635315.html	"
                    2018-02-06 11:10am
                "	24	"2016 Jeep Wrangler Unlimited Sahara
For Vehicle Availability Contact Us Now!!
Butch Davis Chevrolet  ""DRIVE A LITTLE-SAVE A LOT!""
Call Us AT: (662) 200-5006 
Stock Number: P0907 
 
Year:*2016*
Make: *Jeep*
Model: *Wrangler*
Trim: *Unlimited Sahara*
VIN: 1C4BJWEG6GL221299
Stock: P0907
Mileage: 18436 miles
Engine: 3.6L V6 24V VVT
Transmission: 5-Speed Automatic
Driveline: 
Exterior: Firecracker Red Clearcoat
Body: 4D Sport Utility SUV


We are conveniently located at:
2015 City Ave NRipley, MS 38663
Call Us (662) 200-5006
Stock Number: P0907 
 2016 Jeep Wrangler Unlimited Sahara with Navigation for sale - Only 18K miles Clean Carfax Bumper to bumper warranty 4 wheel drive Navigation Hard top Hard doors XM radio Bluetooth connectivity Power windows Power locks Cruise Remote starter Running boards 16 inch alloy wheels and much more. This vehicle offers a sharp looking color combination of Firecracker Red Clearcoat paint with Black interior.This Jeep has been checked out by our service department and has passed inspection. No need to worry this Wrangler has remaining factory bumper to bumper warranty until 36000 miles! Also for a few extra dollars per month you can extend the bumper to bumper protection all the way up to 120000 miles!Awards:* 2016 KBB.com 10 Best SUVs Under $25000 * 2016 KBB.com Best Resale Value AwardsButch Davis Chevrolet will help you save money while having the easiest car buying experience of your life! Many of the vehicles we stock are priced at thousand of dollars below what most other dealers charge. Our low no haggle internet prices are clearly marked on each and every vehicle. No pressure tactics here because our sales staff works on salary. At Butch Davis Chevrolet you will never waste time or get stressed out negotiating price or dealing with pushy commissioned sales people!FINANCING FOR FAIR GOOD AND EXCELLENT CREDIT - We have lenders that offer low interest rates. Most of our vehicles can be financed with 0 down for up to 75 months. The combination of low rates and flexible terms allows our customers with a good credit rating to get a low monthly payment often much less than they expect.FINANCING FOR POOR CREDIT - We have lenders that can help you. Bring your most recent paystub and your ID. A down payment of 2000 dollars or more is recommended.Trade ins are welcome.Open 9-7 during the week and 9-6 on Friday and Saturday. Closed Sundays. THANK YOU!
 Similar Years: 2014 14 2015 15 2016 16 2017 17 2018 18 
Similar Trims: 
Other: V6 3.6L Liters 4WD AWD 4x4 FX4 4Matic Quattro 4Motion xDrive CARFAX Sport Utility SUV Rubicon Sahara Freedom MOAB Edition S Unlimited RHD X CRD Off Road 2.4L 2.8L 3.8L 4.0L L Vehicle OffRoad Navigation System Bluetooth Aluminum Alloy Wheels _2016_ _Jeep_ _Wrangler_ _Unlimited_ _Sahara_ _V6_ _3.6L_ _4WD_ _CARFAX_ _SUV_ _Navigation_ _Bluetooth_ _Aluminum_ _Wheels_ _16_ *2016* *Jeep* *Wrangler* *Unlimited* *Sahara* *V6* *3.6L* *4WD* *CARFAX* *SUV* *Navigation* *Bluetooth* *Aluminum* *Wheels* *16*
"	2016	 Jeep Wrangler Unlimited Sahara V	 excellent	 8 cylinders	 fwd	 gas	18436	 grey	 full-size	 clean	 automatic	 1C4BJWEG6GL221299
HORN LAKE		17900	'08 TOYOTA TUNDRA SR5 4WD * BY OWNER*	https://northmiss.craigslist.org/cto/d/08-toyota-tundra-sr5-4wd-by/6453694774.html	"
                    2018-01-09  2:07pm
                "	9	"160K MILES / POWER SEAT/ POWER LOCKS+WINDOWS /SUNROOF/  NEW TOOL BOX / LEVELING KIT / AFTERMARKET EXHAUST SYSTEM(FLOWMASTER), THE TRUCK IS CLEAN INSIDE AND OUT, RUNS AND DRIVES GREAT.. *EVERYTHING WORKS* / TIRES+WHEELS ARE OFF A 2017 TUNDRA AND HAVE  100 MILES ON THEM / CLEAN CARFAX AND TITLE IN HAND  ### CAN SEND BETTER PICS  IF NEEDED ## JUST INSTALLED NEW STARTER**
"	2008	 toyota tundra	 excellent	 8 cylinders	 4wd	 gas	160000	 silver	 full-size	 clean	 automatic	 1C4BJWEG6GL221299
Call (662) 200-5006		12000	2017 Hyundai Sonata SE 2 4L CARFAX One Owner Fuel Efficient Bluetooth	https://northmiss.craigslist.org/ctd/d/2017-hyundai-sonata-se-2-4l/6486618740.html	"
                    2018-02-06 11:00am
                "	12	"2017 Hyundai Sonata SE
For Vehicle Availability Contact Us Now!!
Butch Davis Chevrolet  ""DRIVE A LITTLE-SAVE A LOT!""
Call Us AT: (662) 200-5006 
Stock Number: P1140 
 
Year:*2017*
Make: *Hyundai*
Model: *Sonata*
Trim: *SE*
VIN: 5NPE24AF1HH445971
Stock: P1140
Mileage: 42760 miles
Engine: 2.4L 4-Cylinder DGI DOHC
Transmission: 6-Speed Automatic with Shiftronic
Driveline: 
Exterior: Symphony Silver
Body: 4D Sedan Sedan


We are conveniently located at:
2015 City Ave NRipley, MS 38663
Call Us (662) 200-5006
Stock Number: P1140 
 2017 Hyundai Sonata SE for sale - Only 42K miles 1 Owner Clean Carfax Bumper to bumper warranty Automatic transmission XM radio Bluetooth connectivity Power windows Power locks Cruise Rear spoiler 16 inch alloy wheels and much more. Safety features include ABS brakes Electronic Stability Control and Traction control. This vehicle offers a sharp looking color combination of Symphony Silver paint with Gray interior. Equipped with a powerful yet fuel friendly 2. 4L engine that gets an impressive 36 MPG on the highway.This Hyundai has been checked out by our service department and has passed inspection. No need to worry this Sonata has remaining factory bumper to bumper warranty until 60000 miles! Also for a few extra dollars per month you can extend the bumper to bumper protection all the way up to 120000 miles!Named a 2017 IIHS Top Safety Pick!Butch Davis Chevrolet will help you save money while having the easiest car buying experience of your life! Many of the vehicles we stock are priced at thousand of dollars below what most other dealers charge. Our low no haggle internet prices are clearly marked on each and every vehicle. No pressure tactics here because our sales staff works on salary. At Butch Davis Chevrolet you will never waste time or get stressed out negotiating price or dealing with pushy commissioned sales people!FINANCING FOR FAIR GOOD AND EXCELLENT CREDIT - We have lenders that offer low interest rates. Most of our vehicles can be financed with 0 down for up to 75 months. The combination of low rates and flexible terms allows our customers with a good credit rating to get a low monthly payment often much less than they expect.FINANCING FOR POOR CREDIT - We have lenders that can help you. Bring your most recent paystub and your ID. A down payment of 2000 dollars or more is recommended.Trade ins are welcome.Open 9-7 during the week and 9-6 on Friday and Saturday. Closed Sundays. THANK YOU!
 Similar Years: 2015 15 2016 16 2017 17 2018 18 2019 19 
Similar Trims: 
Other: 2.4 Liters Liter 2.4L CARFAX One Owner 1 Fuel Efficient Gas Saver SE GLS LX PZEV Limited Special Turbo 2.0L 2.7L 3.3L L V6 Sedan Hybrid Turbocharged Gas/Electric Bluetooth Aluminum Alloy Wheels _2017_ _Hyundai_ _Sonata_ _SE_ _2.4L_ _CARFAX_ _One_ _Owner_ _Fuel_ _Efficient_ _Bluetooth_ _Aluminum_ _Wheels_ _17_ *2017* *Hyundai* *Sonata* *SE* *2.4L* *CARFAX* *One* *Owner* *Fuel* *Efficient* *Bluetooth* *Aluminum* *Wheels* *17*
"	2017	 Hyundai Sonata SE 2.4L CARFAX On	 excellent	 8 cylinders	 4wd	 gas	42760	 silver	 full-size	 clean	 automatic	 5NPE24AF1HH445971
S. TN		1000	1968 Chevy LWB	https://northmiss.craigslist.org/cto/d/1968-chevy-lwb/6486610106.html	"
                    2018-02-06 10:54am
                "	21	"Does not run, Does Not Run, does have 5 lug conversion,Good Disk Brakes, New Front Rubber Brake Lines. good dual exhaust, tilt wheel  power steering. All glass is good side glass has tint peeling off. Driver side front fender down low shows the hole in it. Truck is complete and is an Ala. truck ,Bill of Sale Calls only.1,000.00 Obo.    "	1968	 Chevy	 fair	 8 cylinders	 rwd	 gas	42760	 silver	 full-size	 missing	 automatic	 5NPE24AF1HH445971
Oxford Ms		4300	05 Expedition	https://northmiss.craigslist.org/cto/d/05-expedition/6486605842.html	"
                    2018-02-06 10:51am
                "		05 Ford Expedition 233k miles    	2005	 Ford	 fair	 8 cylinders	 rwd	 gas	233	 silver	 full-size	 clean	 automatic	 5NPE24AF1HH445971
Rienzi		1200	1993 Ford Mustang	https://northmiss.craigslist.org/cto/d/1993-ford-mustang/6486596738.html	"
                    2018-02-06 10:45am
                "	9	"I have a 93 mustang lx that has a bad motor and is a 4 cyl. The car has 101,xxx it is a 5 speed so would be an easy 5.0 conversion. It is reef blue in color.  The car has a straight body and would make a great project car. Just contact me for more info on the car. May trade for atv/3 wheeler or another items of similar value.    "	1993	 Ford Mustang	 fair	 8 cylinders	 rwd	 gas	101000	 silver	 full-size	 clean	 manual	 5NPE24AF1HH445971
Rienzi		1200	1993 Ford Mustang	https://northmiss.craigslist.org/cto/d/1993-ford-mustang/6486595372.html	"
                    2018-02-06 10:44am
                "	9	"I have a 93 mustang lx that has a bad motor and is a 4 cyl. The car has 101,xxx it is a 5 speed so would be an easy 5.0 conversion. It is reef blue in color.  The car has a straight body and would make a great project car. Just contact me for more info on the car. May trade for atv/3 wheeler or another items of similar value.    "	1993	 Ford Mustang	 fair	 8 cylinders	 rwd	 gas	101000	 silver	 full-size	 clean	 manual	 5NPE24AF1HH445971
Grenada	 MS	15900	2010 Ford F150	https://northmiss.craigslist.org/cto/d/2010-ford-f150/6486591133.html	"
                    2018-02-06 10:42am
                "	8	"2WD Automatic Transmission, All power, heated and cooled seats, backup camera, Loaded...great condition.    "	2010	 ford f150 lariat	 excellent	 8 cylinders	 rwd	 gas	141000	 silver	 full-size	 lien	 automatic	 5NPE24AF1HH445971
Pontotoc		3400	Ford ranger	https://northmiss.craigslist.org/cto/d/ford-ranger/6477130389.html	"
                    2018-01-29 11:36am
                "	4	1999 ford ranger good condition hot heat and cold ac    	1999	 ford ranger	 good	 4 cylinders	 rwd	 gas	141000	 brown	 compact	 clean	 manual	 5NPE24AF1HH445971
Tupelo/Oxford		23500	2011 Nissan Titan 4x4	https://northmiss.craigslist.org/cto/d/2011-nissan-titan-4x4/6486569435.html	"
                    2018-02-06 10:27am
                "	3	"For Sale: 2011 Nissan Titan SV 4x4 
Heavy Metal chrome package. FlexFuel
85k miles. Oil changed every 3,000; tires rotated every 6,000
Crew cab with center console. Cloth seats with Nissan seat covers. WeatherTech floor mats in front and back. 
Leveling kit with BFG all-terrains
Tool box and bull bar
Bed liner 

Call or text for more info.
"	2011	 Nissan Titan	 good	 8 cylinders	 4wd	 gas	141000	 brown	 compact	 clean	 automatic	 5NPE24AF1HH445971
Tupelo		4000	04 GMC Envoy very good conditions	https://northmiss.craigslist.org/cto/d/04-gmc-envoy-very-good/6486566530.html	"
                    2018-02-06 10:25am
                "	10	"Up for sale this 04 GMC Envoy in very good conditions runs great with strong engine and smooth shifting transmission with no mechanical issues everything works like it should cold ac hot heat power doors windows clean interior with leather seats in good condition no tears or rips body in very good conditions no dents or dings 150,000 miles ready to drive it anywhere without any trouble feel free to contact me for any more information no payment no trade cash only thanks for looking    "	2004	 GMC Envoy	 good	 6 cylinders	 rwd	 gas	150000	 brown	 compact	 clean	 automatic	 5NPE24AF1HH445971
Marietta		4400	2013 Fiat 500	https://northmiss.craigslist.org/cto/d/2013-fiat-500/6483636617.html	"
                    2018-02-03  4:08pm
                "	5	great running and driving car low millage 52020 call 322 6829    	2013	 Fiat 500	 good	 4 cylinders	 fwd	 gas	52500	 grey	 compact	 rebuilt	 automatic	 dfghghjbtg
		14500	2012 Toyota Tundra Limited on Michelin LTX A/T tires.	https://northmiss.craigslist.org/cto/d/2012-toyota-tundra-limited-on/6473528379.html	"
                    2018-01-26 10:02am
                "		"undra Regular Cab, SR5 with Off Road (TRD) and Tow Packages. Purchased and maintained locally from the day it was new. Less than 15,000 miles on Michelin LTX A/T tires.    "	2012	 Tundra Limited	 good	 4 cylinders	 fwd	 gas	52500	 grey	 compact	 clean	 automatic	 dfghghjbtg
Tupelo		4700	07 Suzuki XL7 in excellent conditions	https://northmiss.craigslist.org/cto/d/07-suzuki-xl7-in-excellent/6486554148.html	"
                    2018-02-06 10:17am
                "	9	"Up for sale this awesome 07 Suzuki XL7 in excellent condition runs great with strong 3.5L engine and smooth shifting transmission with no mechanical issues no warning lights on dashboard everything works like it should super clean inside the body in excellent conditions no dents or scratches loaded with all futures power doors windows and seats leather heated seats in very good conditions no rips or tears plenty of room on this SUV come with 3th row seat tires in good shape 150,000 miles ready to drive it anywhere feel free to contact me at six62 four32 9six4six for any more information no payment no trade cash only thanks for looking    "	2007	 Suzuki XL7	 excellent	 6 cylinders	 fwd	 gas	150000	 white	 compact	 clean	 automatic	 dfghghjbtg
		700	"Volkswagen Jetta, 2.5L, single owner, clean title auto"	https://northmiss.craigslist.org/cto/d/volkswagen-jetta-25l-single/6484048050.html	"
                    2018-02-04  3:29am
                "		"2006 Volkswagen Jetta, 2.5L, single owner, clean title, automatic transmission, power sunroof, white color exterior. Excelent condition exterior, like new condition 

interior. Contact Phone:  show contact info
"	2006	 volkswagen jetta	 excellent	 6 cylinders	 fwd	 gas	150000	 white	 compact	 clean	 automatic	 dfghghjbtg
Hickory Flat		4200	2007 Ford Escape	https://northmiss.craigslist.org/ctd/d/2007-ford-escape/6486546216.html	"
                    2018-02-06 10:11am
                "		"07 Escape
V6
149k miles
662-333-7013    "	2007	 ford escape	 excellent	 6 cylinders	 fwd	 gas	150000	 white	 compact	 clean	 automatic	 dfghghjbtg
Independence		7900	2014 Volkswagen Jetta SE	https://northmiss.craigslist.org/cto/d/2014-volkswagen-jetta-se/6464120437.html	"
                    2018-01-18 10:50am
                "	13	"For sale a 2014 Volkswagen Jetta SE, 1.8 liter turbo, automatic, power windows, door locks, keyless entry, leather seats, am/fm/MP3, bluetooth, cruise control, tilt wheel, cold ac and hot heat, good tires, runs and drives great. Call  show contact info
.    "	2014	 volkswagen jetta sedan	 excellent	 4 cylinders	 fwd	 gas	67001	 black	 mid-size	 clean	 automatic	 3VWD17AJ8EM365123
Independence		6900	2014 Dodge Ram C/V	https://northmiss.craigslist.org/cto/d/2014-dodge-ram-v/6472785634.html	"
                    2018-01-25  3:20pm
                "	15	"For sale a 2014 Dodge Ram C/V, 3.6 V6, automatic, power windows, door locks, tilt wheel, cruise control, am/fm/cd, like new tires, cold ac and hot heat, runs and drives like new, no check engine lights no issues. Clean Carfax one owner van. Make a great work or service van. Call  show contact info
.    "	2014	 Dodge Ram C/V	 like new	 6 cylinders	 fwd	 gas	125884	 white	 mid-size	 clean	 automatic	 2C4JRGAG4ER404656
Independence		7900	2010 Ford F-150 XL	https://northmiss.craigslist.org/cto/d/2010-ford-150-xl/6470446534.html	"
                    2018-01-23  4:32pm
                "	15	"For sale a 2010 Ford F150 XL, 4.6 V8, automatic, power steering, windows, door locks, tilt wheel, cruise control, am/fm/cd/MP3, like new Toyo tires, cold ac and hot heat, utility topper with lots of storage bins, power inverter with several outlets, ladder rack, runs and drives like new. Clean Carfax one owner truck. Call  show contact info
.    "	2010	 ford f-150	 excellent	 8 cylinders	 rwd	 gas	118022	 white	 full-size	 clean	 automatic	 1FTMF1CW6AKE77754
Independence		13900	2010 Dodge Ram 1500	https://northmiss.craigslist.org/cto/d/2010-dodge-ram-1500/6470301030.html	"
                    2018-01-23  2:42pm
                "	13	"For sale a 2010 Dodge Ram 1500 crew cab, 4.7 V8, automatic, power windows, door lock, tilt wheel, cruise control, am/fm/cd/satellite, new Goodyear tires, runs and drives like new. Clean Carfax truck. Call  show contact info
.    "	2010	 dodge ram 1500	 excellent	 8 cylinders	 rwd	 gas	65142	 red	 full-size	 clean	 automatic	 1D7RB1GP3AS134538
Independence		6500	2008 Mazda Tribute	https://northmiss.craigslist.org/cto/d/2008-mazda-tribute/6470137195.html	"
                    2018-01-23 12:52pm
                "	13	"For sale a 2008 Mazda Tribute, 3.0 V 6, automatic, power windows, door locks, power heated leather seats, power sunroof, am/fm/cd, like new tires, runs and drives like new. No check engine light no issues. Clean Carfax SUV. Call  show contact info
.    "	2008	 mazda tribute	 excellent	 6 cylinders	 fwd	 gas	95117	 red	 mid-size	 clean	 automatic	 4F2CZ06138KM15316
Independence		7500	2012 Volkswagen Passat S	https://northmiss.craigslist.org/cto/d/2012-volkswagen-passat/6469213561.html	"
                    2018-01-22  4:51pm
                "	12	"For sale a 2012 Volkswagen Passat S, 2.5 liter 5 cylinder, automatic, keyless entry, power windows, door locks, tilt wheel, cruise control, am/fm/cd/MP3/Satellite/Bluetooth, alloy wheels, cold ac and hot heat, no check engine lights no issues. Clean Carfax car.
Call  show contact info
.    "	2012	 volkswagen passat	 excellent	 5 cylinders	 fwd	 gas	108675	 white	 mid-size	 clean	 automatic	 1VWAP7A39CC014691
Independence		4800	2003 Ford Explorer Eddie Bauer	https://northmiss.craigslist.org/cto/d/2003-ford-explorer-eddie-bauer/6469091532.html	"
                    2018-01-22  3:18pm
                "	14	"For sale a 2003 Ford Explorer Eddie Bauer, 4.0 V6, automatic, power windows, door locks, heated power leather seats, memory seats, dual ac and heat, power sunroof, like new Firestone tires, am/fm/6 disk cd. No check engine lights no issues.  Runs and drives like new. Call  show contact info
.    "	2003	 ford explorer	 excellent	 6 cylinders	 rwd	 gas	126605	 red	 mid-size	 clean	 automatic	 1FMZU64K83ZA37643
Independence		4700	2010 Chevrolet Malibu LT	https://northmiss.craigslist.org/cto/d/2010-chevrolet-malibu-lt/6464131447.html	"
                    2018-01-18 10:58am
                "	12	"For sale a 2010 Malibu LT, 2.4L 4 cylinder, automatic, power windows, door locks, cruise control, am/fm/cd/MP3, tilt wheel, keyless entry, cold ac and hot heat, runs and drives great, good tires, just tuned up. Call  show contact info
.    "	2010	 chevrolet malibu	 excellent	 4 cylinders	 fwd	 gas	134000	 silver	 mid-size	 clean	 automatic	 1G1ZC5E07AF249164
Independence		4800	2003 Ford F150 XLT 4door	https://northmiss.craigslist.org/cto/d/2003-ford-f150-xlt-4door/6466518770.html	"
                    2018-01-20 11:01am
                "	13	"For sale a 2003 Ford F150 XLT 4 door. 4.6 V8, automatic, power windows, door locks, tilt wheel, cruise control, cold ac and hot heat, am/fm/cd, fair tires, runs and drives great, no check engine lights no issues. Clean Carfax truck. Call  show contact info
.    "	2003	 Ford F150	 excellent	 8 cylinders	 rwd	 gas	221000	 grey	 full-size	 clean	 automatic	 1FTRW07663KB72932
Independence		6900	2012 Chevrolet Impala LS	https://northmiss.craigslist.org/cto/d/2012-chevrolet-impala-ls/6464153028.html	"
                    2018-01-18 11:12am
                "	12	"For sale a 2012 Chevrolet Impala LS, 3.6 liter V6, automatic, power windows, door locks, tilt wheel, am/fm/MP3, new tires, runs and drives great. Clean Carfax car. Call  show contact info
.    "	2012	 chevrolet impala ls	 excellent	 6 cylinders	 fwd	 gas	97705	 brown	 mid-size	 clean	 automatic	 2G1WF5E32C1193763
Independence		6900	2012 Chevrolet Impala LS	https://northmiss.craigslist.org/cto/d/2012-chevrolet-impala-ls/6464153028.html	"
                    2018-01-18 11:12am
                "	12	"For sale a 2012 Chevrolet Impala LS, 3.6 liter V6, automatic, power windows, door locks, tilt wheel, am/fm/MP3, new tires, runs and drives great. Clean Carfax car. Call  show contact info
.    "	2012	 chevrolet impala ls	 excellent	 6 cylinders	 fwd	 gas	97705	 brown	 mid-size	 clean	 automatic	 2G1WF5E32C1193763
